building_id,primarypropertytype,yearbuilt,building_age,propertygfatotal,propertygfatotal_log,numberoffloors,numberoffloors_log,energystarscore,energystar_missing,elec_ratio,uses_gas,uses_steam,steam_ratio,has_parking,is_multipurpose,uses_clim,has_generator,gfa_per_floor,eui_kwh_m2_an,siteenergyuse_kwh_an,totalghgemissions,emission_factor_grid,context,climate_zone
LME_0001,Bureaux & Administration,2015,9,7312,8.8974,3,1.3863,68,0,0.899,0,0,0.0,1,0,1,1,2437.3,131.5,961229.0,611.29,0.636,Lomé,Tropical_Aw
LME_0002,Bureaux & Administration,2002,22,3228,8.0799,1,0.6931,39,0,0.953,0,0,0.0,1,0,1,1,3228.0,225.6,728383.0,504.98,0.693,Lomé,Tropical_Aw
LME_0003,Bureaux & Administration,2011,13,3179,8.0646,3,1.3863,60,0,0.892,0,0,0.0,0,1,1,1,1059.7,154.4,490933.0,327.63,0.667,Lomé,Tropical_Aw
LME_0004,Bureaux & Administration,2009,15,4893,8.4958,2,1.0986,43,0,0.946,0,0,0.0,1,1,0,1,2446.5,223.7,1094465.0,718.98,0.657,Lomé,Tropical_Aw
LME_0005,Bureaux & Administration,2005,19,4480,8.4076,2,1.0986,49,0,0.923,0,0,0.0,0,0,1,1,2240.0,215.2,963948.0,571.71,0.593,Lomé,Tropical_Aw
LME_0006,Bureaux & Administration,1993,31,9998,9.2102,3,1.3863,51,0,0.984,0,0,0.0,0,0,1,1,3332.7,167.5,1674323.0,945.46,0.565,Lomé,Tropical_Aw
LME_0007,Bureaux & Administration,1993,31,4639,8.4425,4,1.6094,34,0,0.947,0,0,0.0,1,1,1,1,1159.8,236.4,1096808.0,723.65,0.66,Lomé,Tropical_Aw
LME_0008,Bureaux & Administration,2008,16,4681,8.4515,2,1.0986,38,0,0.989,0,0,0.0,0,0,1,1,2340.5,222.8,1042965.0,604.48,0.58,Lomé,Tropical_Aw
LME_0009,Bureaux & Administration,2017,7,10222,9.2324,3,1.3863,51,0,0.988,0,0,0.0,0,1,1,1,3407.3,225.5,2304852.0,1449.24,0.629,Lomé,Tropical_Aw
LME_0010,Bureaux & Administration,1999,25,3891,8.2667,1,0.6931,50,0,0.894,0,0,0.0,1,0,1,1,3891.0,203.5,791864.0,565.64,0.714,Lomé,Tropical_Aw
LME_0011,Bureaux & Administration,2001,23,1058,6.9651,3,1.3863,48,0,0.94,0,0,0.0,0,0,1,0,352.7,191.5,202562.0,121.21,0.598,Lomé,Tropical_Aw
LME_0012,Bureaux & Administration,2016,8,3508,8.1631,3,1.3863,91,0,0.909,0,0,0.0,1,0,1,1,1169.3,129.3,453648.0,294.57,0.649,Lomé,Tropical_Aw
LME_0013,Bureaux & Administration,1986,38,2225,7.708,2,1.0986,28,0,0.882,0,0,0.0,1,0,1,1,1112.5,276.8,615912.0,408.77,0.664,Lomé,Tropical_Aw
LME_0014,Bureaux & Administration,1993,31,2364,7.7685,2,1.0986,75,0,0.991,0,0,0.0,0,1,1,1,1182.0,156.1,369129.0,233.06,0.631,Lomé,Tropical_Aw
LME_0015,Bureaux & Administration,2003,21,6050,8.708,3,1.3863,38,0,0.988,0,0,0.0,1,1,1,1,2016.7,238.9,1445558.0,833.57,0.577,Lomé,Tropical_Aw
LME_0016,Bureaux & Administration,2014,10,9681,9.178,3,1.3863,67,0,0.958,0,0,0.0,0,0,1,1,3227.0,128.0,1239581.0,840.35,0.678,Lomé,Tropical_Aw
LME_0017,Bureaux & Administration,1991,33,9486,9.1577,4,1.6094,80,0,0.909,0,0,0.0,0,0,1,0,2371.5,136.5,1294589.0,752.69,0.581,Lomé,Tropical_Aw
LME_0018,Bureaux & Administration,2015,9,7558,8.9305,2,1.0986,64,0,0.914,1,0,0.0,0,0,1,1,3779.0,173.3,1309501.0,769.8,0.609,Lomé,Tropical_Aw
LME_0019,Bureaux & Administration,2004,20,3422,8.1383,3,1.3863,54,0,0.9,0,0,0.0,0,0,1,1,1140.7,166.2,568712.0,376.95,0.663,Lomé,Tropical_Aw
LME_0020,Bureaux & Administration,2020,4,5557,8.623,3,1.3863,69,0,0.969,0,0,0.0,0,0,1,1,1852.3,126.9,705160.0,469.11,0.665,Lomé,Tropical_Aw
LME_0021,Bureaux & Administration,2008,16,5009,8.5192,3,1.3863,42,0,0.964,0,0,0.0,0,1,1,1,1669.7,203.8,1021084.0,691.05,0.677,Lomé,Tropical_Aw
LME_0022,Bureaux & Administration,2001,23,4066,8.3107,5,1.7918,77,0,0.951,1,0,0.0,0,1,1,0,813.2,109.5,445316.0,239.21,0.575,Lomé,Tropical_Aw
LME_0023,Bureaux & Administration,1988,36,2739,7.9157,3,1.3863,23,0,0.956,0,0,0.0,1,0,0,1,913.0,304.5,834013.0,593.96,0.712,Lomé,Tropical_Aw
LME_0024,Bureaux & Administration,1996,28,2972,7.9973,2,1.0986,36,0,0.899,0,0,0.0,0,0,1,1,1486.0,262.5,780065.0,434.46,0.557,Lomé,Tropical_Aw
LME_0025,Bureaux & Administration,2006,18,26842,10.1978,4,1.6094,69,0,0.971,1,0,0.0,0,1,1,1,6710.5,153.0,4107682.0,2205.26,0.556,Lomé,Tropical_Aw
LME_0026,Bureaux & Administration,1996,28,9133,9.1198,1,0.6931,63,0,0.932,0,0,0.0,0,0,1,1,9133.0,148.1,1352242.0,829.71,0.614,Lomé,Tropical_Aw
LME_0027,Bureaux & Administration,1996,28,6795,8.8241,3,1.3863,62,0,0.883,0,0,0.0,0,0,1,1,2265.0,200.2,1360223.0,802.52,0.59,Lomé,Tropical_Aw
LME_0028,Bureaux & Administration,2022,2,1825,7.5099,3,1.3863,54,0,0.989,0,0,0.0,1,0,1,1,608.3,190.3,347303.0,206.88,0.596,Lomé,Tropical_Aw
LME_0029,Bureaux & Administration,2014,10,2987,8.0024,2,1.0986,52,0,0.968,0,0,0.0,0,0,1,1,1493.5,210.6,629016.0,399.65,0.635,Lomé,Tropical_Aw
LME_0030,Bureaux & Administration,2003,21,8008,8.9883,4,1.6094,65,0,0.992,0,0,0.0,0,0,1,1,2002.0,161.0,1289506.0,773.19,0.6,Lomé,Tropical_Aw
LME_0031,Bureaux & Administration,2020,4,3233,8.0815,3,1.3863,47,0,0.994,0,0,0.0,0,0,1,1,1077.7,182.4,589549.0,361.68,0.613,Lomé,Tropical_Aw
LME_0032,Bureaux & Administration,1991,33,1860,7.5289,3,1.3863,48,0,0.939,0,0,0.0,1,1,1,1,620.0,223.6,415888.0,251.42,0.605,Lomé,Tropical_Aw
LME_0033,Bureaux & Administration,1992,32,8031,8.9912,4,1.6094,36,0,0.889,0,0,0.0,0,0,1,1,2007.8,205.9,1653836.0,983.46,0.595,Lomé,Tropical_Aw
LME_0034,Bureaux & Administration,2017,7,1594,7.3746,2,1.0986,61,0,0.947,0,0,0.0,0,1,1,1,797.0,164.6,262378.0,158.71,0.605,Lomé,Tropical_Aw
LME_0035,Bureaux & Administration,2011,13,13587,9.5169,3,1.3863,60,0,0.914,0,0,0.0,1,0,1,0,4529.0,173.9,2362686.0,1512.32,0.64,Lomé,Tropical_Aw
LME_0036,Bureaux & Administration,2012,12,4964,8.5102,3,1.3863,58,0,0.963,0,0,0.0,0,1,1,1,1654.7,196.9,977517.0,600.64,0.614,Lomé,Tropical_Aw
LME_0037,Bureaux & Administration,2003,21,4332,8.374,2,1.0986,72,0,0.997,0,0,0.0,0,1,1,1,2166.0,154.1,667664.0,418.97,0.628,Lomé,Tropical_Aw
LME_0038,Bureaux & Administration,2021,3,3097,8.0385,2,1.0986,28,0,0.984,0,0,0.0,1,0,1,1,1548.5,238.1,737281.0,468.01,0.635,Lomé,Tropical_Aw
LME_0039,Bureaux & Administration,2007,17,6127,8.7206,3,1.3863,77,0,0.887,0,0,0.0,0,0,1,0,2042.3,117.4,719219.0,424.36,0.59,Lomé,Tropical_Aw
LME_0040,Bureaux & Administration,2006,18,5103,8.5378,2,1.0986,59,0,0.895,0,0,0.0,1,1,1,1,2551.5,208.0,1061361.0,714.32,0.673,Lomé,Tropical_Aw
LME_0041,Bureaux & Administration,2016,8,5966,8.694,4,1.6094,48,0,0.946,0,0,0.0,0,1,1,1,1491.5,219.2,1307872.0,815.3,0.623,Lomé,Tropical_Aw
LME_0042,Bureaux & Administration,2005,19,14689,9.5949,4,1.6094,90,0,0.932,0,0,0.0,0,0,1,1,3672.2,111.8,1642868.0,978.6,0.596,Lomé,Tropical_Aw
LME_0043,Bureaux & Administration,2001,23,4857,8.4884,3,1.3863,51,0,0.939,0,0,0.0,1,0,1,1,1619.0,203.2,986831.0,610.22,0.618,Lomé,Tropical_Aw
LME_0044,Bureaux & Administration,2013,11,2317,7.7485,3,1.3863,40,0,0.901,0,0,0.0,1,1,1,1,772.3,213.8,495471.0,286.99,0.579,Lomé,Tropical_Aw
LME_0045,Bureaux & Administration,2004,20,1560,7.3531,3,1.3863,27,0,0.885,0,0,0.0,0,0,1,1,520.0,265.1,413484.0,257.09,0.622,Lomé,Tropical_Aw
LME_0046,Bureaux & Administration,2004,20,4118,8.3234,2,1.0986,55,0,0.938,0,0,0.0,0,0,1,1,2059.0,160.9,662551.0,438.99,0.663,Lomé,Tropical_Aw
LME_0047,Bureaux & Administration,2006,18,2257,7.7222,3,1.3863,72,0,0.912,0,0,0.0,1,0,1,1,752.3,117.5,265148.0,167.09,0.63,Lomé,Tropical_Aw
LME_0048,Bureaux & Administration,2017,7,2068,7.6348,4,1.6094,60,0,0.94,0,0,0.0,1,1,1,1,517.0,206.7,427362.0,255.55,0.598,Lomé,Tropical_Aw
LME_0049,Bureaux & Administration,2010,14,15011,9.6166,2,1.0986,70,0,0.892,0,0,0.0,1,0,1,1,7505.5,123.4,1852913.0,1200.96,0.648,Lomé,Tropical_Aw
LME_0050,Bureaux & Administration,2005,19,2462,7.8091,3,1.3863,68,0,0.998,0,0,0.0,1,1,1,0,820.7,149.7,368555.0,232.88,0.632,Lomé,Tropical_Aw
LME_0051,Bureaux & Administration,2010,14,7499,8.9227,3,1.3863,66,0,0.972,0,0,0.0,1,0,1,1,2499.7,112.7,844820.0,546.74,0.647,Lomé,Tropical_Aw
LME_0052,Bureaux & Administration,1995,29,5107,8.5386,3,1.3863,82,0,0.938,0,0,0.0,0,0,1,1,1702.3,121.5,620434.0,365.99,0.59,Lomé,Tropical_Aw
LME_0053,Bureaux & Administration,2005,19,2755,7.9215,5,1.7918,48,0,0.98,0,0,0.0,0,0,1,1,551.0,207.1,570683.0,348.03,0.61,Lomé,Tropical_Aw
LME_0054,Bureaux & Administration,1998,26,4339,8.3756,3,1.3863,62,0,0.9,0,0,0.0,0,0,1,1,1446.3,172.5,748559.0,381.46,0.51,Lomé,Tropical_Aw
LME_0055,Bureaux & Administration,2004,20,4023,8.3,4,1.6094,87,0,0.97,0,0,0.0,0,0,1,0,1005.8,107.8,433669.0,261.25,0.602,Lomé,Tropical_Aw
LME_0056,Bureaux & Administration,1994,30,838,6.7322,2,1.0986,39,0,0.975,0,0,0.0,1,1,1,0,419.0,242.7,203367.0,121.13,0.596,Lomé,Tropical_Aw
LME_0057,Bureaux & Administration,2020,4,16445,9.7078,3,1.3863,43,0,0.893,0,0,0.0,1,0,1,1,5481.7,209.3,3442251.0,2046.42,0.594,Lomé,Tropical_Aw
LME_0058,Bureaux & Administration,2014,10,6646,8.8019,3,1.3863,47,0,0.945,0,0,0.0,1,0,1,1,2215.3,228.4,1517746.0,953.95,0.629,Lomé,Tropical_Aw
LME_0059,Bureaux & Administration,2011,13,5678,8.6445,5,1.7918,70,0,0.964,0,0,0.0,1,0,1,1,1135.6,182.5,1036417.0,680.19,0.656,Lomé,Tropical_Aw
LME_0060,Bureaux & Administration,2023,1,14419,9.5764,2,1.0986,66,0,0.981,0,0,0.0,1,1,1,0,7209.5,162.7,2346270.0,1752.51,0.747,Lomé,Tropical_Aw
LME_0061,Bureaux & Administration,1980,44,11577,9.3569,2,1.0986,60,0,0.944,0,0,0.0,1,0,1,1,5788.5,159.7,1849375.0,993.59,0.537,Lomé,Tropical_Aw
LME_0062,Bureaux & Administration,2008,16,18680,9.8353,3,1.3863,64,0,0.93,0,0,0.0,0,1,1,1,6226.7,169.9,3174414.0,1806.69,0.569,Lomé,Tropical_Aw
LME_0063,Bureaux & Administration,2023,1,2593,7.861,3,1.3863,24,0,0.888,0,0,0.0,1,0,1,0,864.3,263.1,682293.0,425.04,0.623,Lomé,Tropical_Aw
LME_0064,Bureaux & Administration,2017,7,3173,8.0627,2,1.0986,59,0,0.934,0,0,0.0,1,0,1,1,1586.5,176.9,561262.0,314.94,0.561,Lomé,Tropical_Aw
LME_0065,Bureaux & Administration,2001,23,4359,8.3802,3,1.3863,75,0,0.883,0,0,0.0,1,1,1,1,1453.0,141.0,614619.0,434.91,0.708,Lomé,Tropical_Aw
LME_0066,Bureaux & Administration,2013,11,1991,7.5969,2,1.0986,53,0,0.909,0,0,0.0,1,0,1,1,995.5,195.6,389407.0,246.0,0.632,Lomé,Tropical_Aw
LME_0067,Bureaux & Administration,2020,4,2905,7.9745,2,1.0986,50,0,0.931,0,0,0.0,0,1,1,1,1452.5,182.4,529953.0,295.42,0.557,Lomé,Tropical_Aw
LME_0068,Bureaux & Administration,2010,14,1592,7.3734,2,1.0986,33,0,0.932,0,0,0.0,0,0,1,1,796.0,248.9,396314.0,264.97,0.669,Lomé,Tropical_Aw
LME_0069,Bureaux & Administration,2000,24,27561,10.2242,3,1.3863,53,0,0.998,0,0,0.0,1,0,1,1,9187.0,195.2,5381070.0,3286.76,0.611,Lomé,Tropical_Aw
LME_0070,Bureaux & Administration,1998,26,2246,7.7174,4,1.6094,59,0,0.881,0,0,0.0,0,1,1,0,561.5,209.8,471309.0,330.4,0.701,Lomé,Tropical_Aw
LME_0071,Bureaux & Administration,2004,20,4330,8.3736,3,1.3863,58,0,0.9,0,0,0.0,1,0,1,1,1443.3,158.9,687961.0,427.43,0.621,Lomé,Tropical_Aw
LME_0072,Bureaux & Administration,2010,14,1595,7.3753,2,1.0986,30,0,0.937,0,0,0.0,1,0,1,1,797.5,221.0,352551.0,229.29,0.65,Lomé,Tropical_Aw
LME_0073,Bureaux & Administration,2016,8,1272,7.1491,3,1.3863,64,0,0.963,0,0,0.0,1,0,1,0,424.0,172.3,219228.0,155.33,0.709,Lomé,Tropical_Aw
LME_0074,Bureaux & Administration,2021,3,10700,9.2781,2,1.0986,64,0,0.896,0,0,0.0,0,0,1,1,5350.0,159.9,1710858.0,1151.8,0.673,Lomé,Tropical_Aw
LME_0075,Bureaux & Administration,2019,5,13753,9.5291,4,1.6094,63,0,0.907,0,0,0.0,1,0,1,1,3438.2,168.3,2315093.0,1243.09,0.537,Lomé,Tropical_Aw
LME_0076,Bureaux & Administration,2021,3,5803,8.6663,2,1.0986,54,0,0.997,0,0,0.0,0,1,1,0,2901.5,208.8,1211658.0,723.03,0.597,Lomé,Tropical_Aw
LME_0077,Bureaux & Administration,1993,31,1596,7.3759,3,1.3863,60,0,0.921,0,0,0.0,1,0,1,1,532.0,204.0,325578.0,194.06,0.596,Lomé,Tropical_Aw
LME_0078,Bureaux & Administration,2000,24,5751,8.6573,3,1.3863,41,0,0.883,0,0,0.0,0,0,1,0,1917.0,225.3,1295623.0,849.5,0.656,Lomé,Tropical_Aw
LME_0079,Bureaux & Administration,2005,19,13076,9.4786,2,1.0986,36,0,0.985,0,0,0.0,1,1,1,1,6538.0,277.4,3627218.0,2183.07,0.602,Lomé,Tropical_Aw
LME_0080,Bureaux & Administration,2002,22,3234,8.0818,2,1.0986,57,0,0.908,0,0,0.0,0,1,1,0,1617.0,148.3,479498.0,250.93,0.523,Lomé,Tropical_Aw
LME_0081,Bureaux & Administration,2020,4,4304,8.3675,2,1.0986,61,0,0.954,0,0,0.0,0,0,0,1,2152.0,168.2,724063.0,473.35,0.654,Lomé,Tropical_Aw
LME_0082,Bureaux & Administration,1999,25,7287,8.894,2,1.0986,51,0,0.902,0,0,0.0,0,0,1,1,3643.5,166.7,1214729.0,730.45,0.601,Lomé,Tropical_Aw
LME_0083,Bureaux & Administration,1999,25,6469,8.7749,2,1.0986,45,0,0.951,0,0,0.0,0,0,1,0,3234.5,197.5,1277775.0,695.38,0.544,Lomé,Tropical_Aw
LME_0084,Bureaux & Administration,2013,11,3604,8.1901,3,1.3863,45,0,0.946,0,0,0.0,0,1,1,1,1201.3,189.5,682997.0,453.65,0.664,Lomé,Tropical_Aw
LME_0085,Bureaux & Administration,1990,34,8568,9.0559,2,1.0986,56,0,0.938,0,0,0.0,1,0,1,1,4284.0,196.4,1682590.0,1143.18,0.679,Lomé,Tropical_Aw
LME_0086,Bureaux & Administration,2019,5,21533,9.9774,3,1.3863,57,0,0.984,0,0,0.0,0,1,1,1,7177.7,213.1,4589344.0,3076.82,0.67,Lomé,Tropical_Aw
LME_0087,Bureaux & Administration,2016,8,3654,8.2039,2,1.0986,55,0,0.98,0,0,0.0,0,1,1,1,1827.0,187.9,686699.0,412.25,0.6,Lomé,Tropical_Aw
LME_0088,Bureaux & Administration,2017,7,5100,8.5372,3,1.3863,19,0,0.893,0,0,0.0,0,1,1,0,1700.0,255.9,1304932.0,887.94,0.68,Lomé,Tropical_Aw
LME_0089,Bureaux & Administration,1990,34,5655,8.6405,3,1.3863,30,0,0.888,0,0,0.0,0,1,1,1,1885.0,244.1,1380527.0,785.07,0.569,Lomé,Tropical_Aw
LME_0090,Bureaux & Administration,2014,10,6645,8.8018,4,1.6094,57,0,0.934,0,0,0.0,0,0,0,1,1661.2,172.9,1149158.0,641.81,0.559,Lomé,Tropical_Aw
LME_0091,Bureaux & Administration,2001,23,12057,9.3975,4,1.6094,44,0,0.93,0,0,0.0,0,1,1,1,3014.2,214.2,2583193.0,1588.77,0.615,Lomé,Tropical_Aw
LME_0092,Bureaux & Administration,2019,5,5971,8.6948,2,1.0986,47,0,0.937,0,0,0.0,0,0,1,0,2985.5,225.9,1348628.0,883.87,0.655,Lomé,Tropical_Aw
LME_0093,Bureaux & Administration,1985,39,2308,7.7446,3,1.3863,41,0,0.976,0,0,0.0,1,0,1,1,769.3,210.4,485613.0,318.29,0.655,Lomé,Tropical_Aw
LME_0094,Bureaux & Administration,2001,23,20759,9.9408,3,1.3863,58,0,0.976,0,0,0.0,0,0,1,1,6919.7,158.9,3297946.0,2016.19,0.611,Lomé,Tropical_Aw
LME_0095,Bureaux & Administration,2019,5,11145,9.3188,2,1.0986,83,0,0.909,0,0,0.0,0,1,1,1,5572.5,134.3,1496271.0,924.12,0.618,Lomé,Tropical_Aw
LME_0096,Bureaux & Administration,1991,33,9915,9.2019,3,1.3863,72,0,0.922,1,0,0.0,0,1,1,1,3305.0,107.2,1062693.0,615.18,0.63,Lomé,Tropical_Aw
LME_0097,Bureaux & Administration,1984,40,15055,9.6195,3,1.3863,22,0,0.985,0,0,0.0,0,0,1,1,5018.3,284.0,4276209.0,2727.78,0.638,Lomé,Tropical_Aw
LME_0098,Bureaux & Administration,2015,9,10510,9.2602,3,1.3863,33,0,0.89,0,0,0.0,0,0,1,1,3503.3,259.3,2725046.0,1645.88,0.604,Lomé,Tropical_Aw
LME_0099,Bureaux & Administration,2013,11,7467,8.9184,2,1.0986,10,0,0.966,0,0,0.0,0,1,0,0,3733.5,292.6,2185056.0,1344.18,0.615,Lomé,Tropical_Aw
LME_0100,Bureaux & Administration,2015,9,7718,8.9514,4,1.6094,68,0,0.969,0,0,0.0,1,0,1,1,1929.5,170.3,1314403.0,829.68,0.631,Lomé,Tropical_Aw
LME_0101,Bureaux & Administration,2020,4,11648,9.363,3,1.3863,91,0,0.951,0,0,0.0,1,0,1,1,3882.7,108.4,1262345.0,746.5,0.591,Lomé,Tropical_Aw
LME_0102,Bureaux & Administration,2008,16,9150,9.1216,3,1.3863,46,0,0.91,0,0,0.0,1,0,1,1,3050.0,169.2,1548016.0,1048.69,0.677,Lomé,Tropical_Aw
LME_0103,Bureaux & Administration,2016,8,1744,7.4645,4,1.6094,76,0,0.889,0,0,0.0,1,0,1,1,436.0,113.6,198192.0,120.18,0.606,Lomé,Tropical_Aw
LME_0104,Bureaux & Administration,1996,28,13186,9.487,2,1.0986,48,0,0.884,0,0,0.0,0,0,1,1,6593.0,213.9,2820226.0,1802.4,0.639,Lomé,Tropical_Aw
LME_0105,Bureaux & Administration,2001,23,3994,8.2928,3,1.3863,54,0,0.992,1,0,0.0,1,1,1,1,1331.3,189.2,755716.0,401.0,0.586,Lomé,Tropical_Aw
LME_0106,Bureaux & Administration,2007,17,993,6.9017,3,1.3863,56,0,0.942,0,0,0.0,0,0,1,1,331.0,195.8,194428.0,111.42,0.573,Lomé,Tropical_Aw
LME_0107,Bureaux & Administration,2006,18,6131,8.7213,2,1.0986,77,0,0.963,0,0,0.0,0,0,1,1,3065.5,175.0,1072669.0,676.72,0.631,Lomé,Tropical_Aw
LME_0108,Bureaux & Administration,1999,25,4693,8.454,4,1.6094,35,0,0.959,0,0,0.0,0,0,1,1,1173.2,238.9,1120948.0,751.32,0.67,Lomé,Tropical_Aw
LME_0109,Bureaux & Administration,2005,19,7719,8.9516,3,1.3863,38,0,0.977,0,0,0.0,0,1,1,1,2573.0,232.1,1791815.0,1000.94,0.559,Lomé,Tropical_Aw
LME_0110,Bureaux & Administration,2005,19,5434,8.6006,2,1.0986,70,0,0.963,0,0,0.0,1,0,1,1,2717.0,124.8,678413.0,376.75,0.555,Lomé,Tropical_Aw
LME_0111,Bureaux & Administration,2007,17,11751,9.3718,4,1.6094,31,0,0.942,0,0,0.0,0,0,1,1,2937.8,221.5,2602416.0,1571.23,0.604,Lomé,Tropical_Aw
LME_0112,Bureaux & Administration,2018,6,1317,7.1839,4,1.6094,55,0,0.966,0,0,0.0,0,1,1,1,329.2,193.4,254762.0,154.73,0.607,Lomé,Tropical_Aw
LME_0113,Bureaux & Administration,1992,32,4225,8.349,3,1.3863,83,0,0.914,0,0,0.0,0,1,1,1,1408.3,121.8,514713.0,316.59,0.615,Lomé,Tropical_Aw
LME_0114,Bureaux & Administration,1997,27,1399,7.2442,2,1.0986,48,0,0.962,0,0,0.0,1,0,1,1,699.5,181.3,253605.0,159.27,0.628,Lomé,Tropical_Aw
LME_0115,Bureaux & Administration,2010,14,15031,9.6179,3,1.3863,49,0,0.994,0,0,0.0,0,0,1,0,5010.3,184.1,2766966.0,1656.11,0.599,Lomé,Tropical_Aw
LME_0116,Bureaux & Administration,2017,7,2891,7.9697,2,1.0986,61,0,0.913,0,0,0.0,0,0,1,1,1445.5,146.2,422642.0,267.1,0.632,Lomé,Tropical_Aw
LME_0117,Bureaux & Administration,2019,5,7476,8.9196,2,1.0986,57,0,0.883,0,0,0.0,0,0,1,1,3738.0,164.0,1225758.0,752.01,0.614,Lomé,Tropical_Aw
LME_0118,Bureaux & Administration,2006,18,1642,7.4043,2,1.0986,29,0,0.966,0,0,0.0,0,1,0,1,821.0,249.2,409265.0,259.94,0.635,Lomé,Tropical_Aw
LME_0119,Bureaux & Administration,2004,20,2037,7.6197,2,1.0986,57,0,0.888,0,0,0.0,0,0,1,1,1018.5,185.9,378673.0,220.2,0.582,Lomé,Tropical_Aw
LME_0120,Bureaux & Administration,2023,1,9574,9.1669,4,1.6094,70,0,0.959,0,0,0.0,0,1,1,1,2393.5,122.4,1171871.0,732.21,0.625,Lomé,Tropical_Aw
LME_0121,Commerces & Marchés,2009,15,1000,6.9088,2,1.0986,36,0,0.971,0,0,0.0,0,0,1,0,500.0,213.3,213326.0,122.62,0.575,Lomé,Tropical_Aw
LME_0122,Commerces & Marchés,2009,15,1835,7.5153,2,1.0986,45,0,0.955,0,0,0.0,0,1,0,1,917.5,228.5,419303.0,270.53,0.645,Lomé,Tropical_Aw
LME_0123,Commerces & Marchés,2004,20,931,6.8373,1,0.6931,79,0,0.928,0,0,0.0,0,0,1,1,931.0,112.6,104806.0,67.64,0.645,Lomé,Tropical_Aw
LME_0124,Commerces & Marchés,2004,20,5190,8.5547,1,0.6931,41,0,0.985,0,0,0.0,1,1,0,0,5190.0,219.4,1138781.0,677.17,0.595,Lomé,Tropical_Aw
LME_0125,Commerces & Marchés,2023,1,960,6.868,2,1.0986,39,0,0.896,0,0,0.0,1,0,0,1,480.0,265.2,254585.0,163.89,0.644,Lomé,Tropical_Aw
LME_0126,Commerces & Marchés,2004,20,4032,8.3023,1,0.6931,48,0,0.888,1,0,0.0,1,0,1,0,4032.0,206.7,833530.0,503.49,0.645,Lomé,Tropical_Aw
LME_0127,Commerces & Marchés,2012,12,1047,6.9546,1,0.6931,28,0,0.958,0,0,0.0,0,1,1,0,1047.0,248.6,260306.0,144.7,0.556,Lomé,Tropical_Aw
LME_0128,Commerces & Marchés,1993,31,2306,7.7437,1,0.6931,46,0,0.916,0,0,0.0,0,0,1,1,2306.0,211.0,486501.0,305.54,0.628,Lomé,Tropical_Aw
LME_0129,Commerces & Marchés,2009,15,5736,8.6547,1,0.6931,73,0,0.986,0,0,0.0,0,0,1,1,5736.0,157.4,902626.0,550.2,0.61,Lomé,Tropical_Aw
LME_0130,Commerces & Marchés,2007,17,1835,7.5153,1,0.6931,47,0,0.882,0,0,0.0,1,1,0,1,1835.0,211.6,388353.0,212.06,0.546,Lomé,Tropical_Aw
LME_0131,Commerces & Marchés,1992,32,2407,7.7866,2,1.0986,88,0,0.981,0,0,0.0,0,0,1,1,1203.5,111.1,267403.0,193.34,0.723,Lomé,Tropical_Aw
LME_0132,Commerces & Marchés,2017,7,1122,7.0238,1,0.6931,100,0,0.987,0,0,0.0,1,0,0,1,1122.0,80.1,89851.0,52.99,0.59,Lomé,Tropical_Aw
LME_0133,Commerces & Marchés,2013,11,17010,9.7416,1,0.6931,40,0,0.954,0,0,0.0,0,1,1,1,17010.0,231.9,3943952.0,2602.91,0.66,Lomé,Tropical_Aw
LME_0134,Commerces & Marchés,1990,34,11497,9.3499,1,0.6931,38,0,0.889,1,0,0.0,0,0,0,0,11497.0,211.0,2426077.0,1268.47,0.553,Lomé,Tropical_Aw
LME_0135,Commerces & Marchés,1992,32,1625,7.3939,1,0.6931,16,0,0.912,1,0,0.0,1,1,1,0,1625.0,315.9,513320.0,318.18,0.656,Lomé,Tropical_Aw
LME_0136,Commerces & Marchés,2017,7,7942,8.98,2,1.0986,71,0,0.957,0,0,0.0,0,0,1,0,3971.0,157.9,1253917.0,737.08,0.588,Lomé,Tropical_Aw
LME_0137,Commerces & Marchés,2018,6,9658,9.1756,2,1.0986,49,0,0.921,0,0,0.0,0,0,1,1,4829.0,161.2,1556685.0,993.1,0.638,Lomé,Tropical_Aw
LME_0138,Commerces & Marchés,1998,26,422,6.0474,1,0.6931,48,0,0.986,0,0,0.0,0,0,1,0,422.0,211.1,89092.0,54.49,0.612,Lomé,Tropical_Aw
LME_0139,Commerces & Marchés,2017,7,3796,8.242,2,1.0986,65,0,0.945,0,0,0.0,0,0,0,1,1898.0,151.4,574582.0,370.69,0.645,Lomé,Tropical_Aw
LME_0140,Commerces & Marchés,2019,5,2259,7.7231,1,0.6931,61,0,0.968,0,0,0.0,0,0,1,1,2259.0,124.0,280025.0,181.53,0.648,Lomé,Tropical_Aw
LME_0141,Commerces & Marchés,1995,29,7791,8.9609,2,1.0986,53,0,0.91,0,0,0.0,1,0,0,1,3895.5,219.3,1708722.0,1057.73,0.619,Lomé,Tropical_Aw
LME_0142,Commerces & Marchés,1997,27,1668,7.42,2,1.0986,13,0,0.923,0,0,0.0,0,0,1,1,834.0,325.2,542430.0,315.02,0.581,Lomé,Tropical_Aw
LME_0143,Commerces & Marchés,2002,22,1098,7.0022,1,0.6931,71,0,0.967,0,0,0.0,1,0,1,1,1098.0,177.0,194294.0,100.12,0.515,Lomé,Tropical_Aw
LME_0144,Commerces & Marchés,1991,33,1241,7.1245,2,1.0986,65,0,0.951,0,0,0.0,0,0,1,1,620.5,202.3,251086.0,175.03,0.697,Lomé,Tropical_Aw
LME_0145,Commerces & Marchés,2001,23,6134,8.7218,2,1.0986,48,0,0.889,0,0,0.0,0,0,1,0,3067.0,228.4,1400763.0,960.39,0.686,Lomé,Tropical_Aw
LME_0146,Commerces & Marchés,2006,18,4509,8.4141,1,0.6931,75,0,0.891,0,0,0.0,0,0,1,0,4509.0,169.3,763554.0,434.3,0.569,Lomé,Tropical_Aw
LME_0147,Commerces & Marchés,2019,5,1990,7.5964,1,0.6931,20,0,0.951,0,0,0.0,0,1,1,1,1990.0,277.3,551872.0,288.7,0.523,Lomé,Tropical_Aw
LME_0148,Commerces & Marchés,2019,5,4886,8.4943,2,1.0986,64,0,0.902,0,0,0.0,1,0,1,1,2443.0,197.9,966881.0,598.14,0.619,Lomé,Tropical_Aw
LME_0149,Commerces & Marchés,2011,13,1419,7.2584,2,1.0986,28,0,0.959,0,0,0.0,1,0,1,1,709.5,241.3,342378.0,202.46,0.591,Lomé,Tropical_Aw
LME_0150,Commerces & Marchés,2016,8,1093,6.9976,1,0.6931,70,0,0.934,0,0,0.0,1,0,1,1,1093.0,158.9,173643.0,86.61,0.499,Lomé,Tropical_Aw
LME_0151,Commerces & Marchés,2022,2,2592,7.8606,2,1.0986,41,0,0.911,0,0,0.0,0,0,0,1,1296.0,199.6,517245.0,305.07,0.59,Lomé,Tropical_Aw
LME_0152,Commerces & Marchés,2003,21,4065,8.3104,1,0.6931,43,0,0.894,0,0,0.0,0,1,1,1,4065.0,248.1,1008529.0,635.4,0.63,Lomé,Tropical_Aw
LME_0153,Commerces & Marchés,1990,34,3590,8.1862,2,1.0986,24,0,0.89,0,0,0.0,1,0,1,1,1795.0,265.8,954337.0,678.13,0.711,Lomé,Tropical_Aw
LME_0154,Commerces & Marchés,2008,16,14898,9.609,1,0.6931,35,0,0.977,0,0,0.0,1,0,1,0,14898.0,225.5,3360219.0,1974.81,0.588,Lomé,Tropical_Aw
LME_0155,Commerces & Marchés,1998,26,2725,7.9106,3,1.3863,46,0,0.934,0,0,0.0,0,0,0,1,908.3,209.3,570294.0,368.16,0.646,Lomé,Tropical_Aw
LME_0156,Commerces & Marchés,2013,11,1258,7.1381,1,0.6931,33,0,0.979,0,0,0.0,1,0,0,0,1258.0,215.3,270826.0,169.45,0.626,Lomé,Tropical_Aw
LME_0157,Commerces & Marchés,2017,7,13173,9.486,2,1.0986,38,0,0.944,0,0,0.0,0,1,1,0,6586.5,255.3,3362889.0,2052.74,0.61,Lomé,Tropical_Aw
LME_0158,Commerces & Marchés,2020,4,1660,7.4152,1,0.6931,68,0,0.959,0,0,0.0,0,0,1,0,1660.0,178.7,296574.0,184.23,0.621,Lomé,Tropical_Aw
LME_0159,Commerces & Marchés,2020,4,938,6.8448,2,1.0986,63,0,0.882,0,0,0.0,0,0,1,0,469.0,140.5,131773.0,80.02,0.607,Lomé,Tropical_Aw
LME_0160,Commerces & Marchés,2002,22,4174,8.3369,3,1.3863,33,0,0.937,0,0,0.0,1,1,1,1,1391.3,249.5,1041345.0,713.16,0.685,Lomé,Tropical_Aw
LME_0161,Commerces & Marchés,1992,32,5200,8.5566,2,1.0986,37,0,0.922,0,0,0.0,0,0,0,0,2600.0,201.9,1049880.0,629.37,0.599,Lomé,Tropical_Aw
LME_0162,Commerces & Marchés,1993,31,7476,8.9196,1,0.6931,32,0,0.961,0,0,0.0,1,0,1,1,7476.0,246.4,1841961.0,1168.11,0.634,Lomé,Tropical_Aw
LME_0163,Commerces & Marchés,2014,10,5346,8.5843,1,0.6931,85,0,0.906,1,0,0.0,0,0,1,0,5346.0,101.2,541214.0,305.93,0.626,Lomé,Tropical_Aw
LME_0164,Commerces & Marchés,2013,11,3790,8.2404,2,1.0986,58,0,0.947,0,0,0.0,1,0,1,1,1895.0,201.4,763359.0,478.66,0.627,Lomé,Tropical_Aw
LME_0165,Commerces & Marchés,1986,38,2061,7.6314,1,0.6931,33,0,0.914,0,0,0.0,1,0,1,0,2061.0,267.5,551337.0,347.08,0.63,Lomé,Tropical_Aw
LME_0166,Commerces & Marchés,2018,6,4246,8.354,1,0.6931,26,0,0.914,0,0,0.0,1,1,1,0,4246.0,272.3,1156299.0,664.25,0.574,Lomé,Tropical_Aw
LME_0167,Commerces & Marchés,2011,13,447,6.1048,1,0.6931,72,0,0.969,0,0,0.0,0,1,0,0,447.0,155.2,69379.0,39.31,0.567,Lomé,Tropical_Aw
LME_0168,Commerces & Marchés,2017,7,11379,9.3396,1,0.6931,49,0,0.884,0,0,0.0,0,0,0,0,11379.0,201.5,2292594.0,1337.29,0.583,Lomé,Tropical_Aw
LME_0169,Commerces & Marchés,2018,6,3098,8.0388,2,1.0986,47,0,0.942,0,0,0.0,0,0,1,1,1549.0,221.0,684543.0,458.68,0.67,Lomé,Tropical_Aw
LME_0170,Commerces & Marchés,2011,13,8402,9.0363,3,1.3863,1,0,0.964,0,0,0.0,0,0,1,1,2800.7,295.9,2486202.0,1509.55,0.607,Lomé,Tropical_Aw
LME_0171,Commerces & Marchés,2008,16,9238,9.1312,2,1.0986,52,0,0.911,0,0,0.0,0,0,1,1,4619.0,183.6,1695674.0,1067.82,0.63,Lomé,Tropical_Aw
LME_0172,Commerces & Marchés,2011,13,1308,7.177,1,0.6931,41,0,0.914,0,0,0.0,0,0,1,1,1308.0,212.9,278425.0,187.72,0.674,Lomé,Tropical_Aw
LME_0173,Commerces & Marchés,2005,19,3427,8.1397,1,0.6931,52,0,0.894,0,0,0.0,0,1,1,0,3427.0,237.4,813733.0,473.92,0.582,Lomé,Tropical_Aw
LME_0174,Commerces & Marchés,2006,18,2310,7.7454,1,0.6931,68,0,0.929,0,0,0.0,0,0,0,0,2310.0,131.1,302875.0,201.73,0.666,Lomé,Tropical_Aw
LME_0175,Commerces & Marchés,2014,10,2780,7.9306,1,0.6931,49,0,0.935,0,0,0.0,1,0,1,1,2780.0,198.8,552639.0,318.01,0.575,Lomé,Tropical_Aw
LME_0176,Commerces & Marchés,2014,10,2615,7.8694,1,0.6931,42,0,0.923,0,0,0.0,0,0,1,0,2615.0,240.4,628524.0,396.18,0.63,Lomé,Tropical_Aw
LME_0177,Commerces & Marchés,1994,30,2572,7.8528,1,0.6931,39,0,0.915,0,0,0.0,1,0,1,1,2572.0,234.4,602765.0,367.44,0.61,Lomé,Tropical_Aw
LME_0178,Commerces & Marchés,2014,10,967,6.8752,2,1.0986,48,0,0.932,0,0,0.0,0,0,1,1,483.5,239.5,231588.0,140.51,0.607,Lomé,Tropical_Aw
LME_0179,Commerces & Marchés,2011,13,474,6.1633,1,0.6931,9,0,0.965,0,0,0.0,0,0,1,1,474.0,295.3,139962.0,75.14,0.537,Lomé,Tropical_Aw
LME_0180,Commerces & Marchés,2003,21,2011,7.6069,2,1.0986,22,0,0.889,0,0,0.0,1,0,1,0,1005.5,312.9,629148.0,338.83,0.539,Lomé,Tropical_Aw
LME_0181,Commerces & Marchés,1994,30,13389,9.5023,1,0.6931,47,0,0.941,0,0,0.0,1,1,1,1,13389.0,205.9,2757295.0,1707.53,0.619,Lomé,Tropical_Aw
LME_0182,Commerces & Marchés,2001,23,1749,7.4674,1,0.6931,14,0,0.988,0,0,0.0,0,0,0,1,1749.0,328.6,574644.0,363.16,0.632,Lomé,Tropical_Aw
LME_0183,Commerces & Marchés,2003,21,610,6.4151,1,0.6931,51,0,0.946,0,0,0.0,1,1,0,0,610.0,152.8,93217.0,58.46,0.627,Lomé,Tropical_Aw
LME_0184,Commerces & Marchés,2001,23,1497,7.3119,1,0.6931,41,0,0.996,0,0,0.0,0,0,1,1,1497.0,199.3,298414.0,182.45,0.611,Lomé,Tropical_Aw
LME_0185,Commerces & Marchés,2010,14,3173,8.0627,2,1.0986,70,0,0.927,1,0,0.0,0,1,1,1,1586.5,145.5,461658.0,282.82,0.645,Lomé,Tropical_Aw
LME_0186,Commerces & Marchés,2017,7,11994,9.3922,1,0.6931,40,0,0.913,0,0,0.0,0,0,0,1,11994.0,227.3,2726656.0,1741.94,0.639,Lomé,Tropical_Aw
LME_0187,Commerces & Marchés,2001,23,494,6.2046,2,1.0986,36,0,0.926,0,0,0.0,0,0,1,1,247.0,268.7,132749.0,77.49,0.584,Lomé,Tropical_Aw
LME_0188,Commerces & Marchés,2020,4,1802,7.4972,2,1.0986,52,0,0.887,0,0,0.0,1,0,1,1,901.0,196.3,353746.0,230.92,0.653,Lomé,Tropical_Aw
LME_0189,Commerces & Marchés,2014,10,6712,8.8118,2,1.0986,48,0,0.923,0,0,0.0,1,0,1,1,3356.0,190.5,1278752.0,745.06,0.583,Lomé,Tropical_Aw
LME_0190,Commerces & Marchés,1994,30,5276,8.5711,2,1.0986,31,0,0.97,0,0,0.0,1,0,1,0,2638.0,282.7,1491314.0,950.82,0.638,Lomé,Tropical_Aw
LME_0191,Commerces & Marchés,2005,19,2107,7.6535,1,0.6931,46,0,0.893,0,0,0.0,1,1,0,1,2107.0,212.7,448176.0,265.58,0.593,Lomé,Tropical_Aw
LME_0192,Commerces & Marchés,2014,10,4220,8.3478,2,1.0986,37,0,0.886,0,0,0.0,0,0,1,1,2110.0,214.7,905951.0,526.85,0.582,Lomé,Tropical_Aw
LME_0193,Commerces & Marchés,2002,22,5148,8.5466,1,0.6931,65,0,0.957,0,0,0.0,0,0,1,1,5148.0,132.0,679622.0,416.86,0.613,Lomé,Tropical_Aw
LME_0194,Commerces & Marchés,2012,12,3299,8.1017,3,1.3863,73,0,0.889,0,0,0.0,0,0,1,0,1099.7,140.4,463310.0,298.29,0.644,Lomé,Tropical_Aw
LME_0195,Commerces & Marchés,2001,23,3474,8.1533,1,0.6931,73,0,0.896,0,0,0.0,1,0,1,0,3474.0,114.4,397424.0,245.84,0.619,Lomé,Tropical_Aw
LME_0196,Commerces & Marchés,1992,32,2474,7.814,1,0.6931,14,0,0.923,0,0,0.0,1,0,0,1,2474.0,312.0,771828.0,488.67,0.633,Lomé,Tropical_Aw
LME_0197,Commerces & Marchés,1991,33,3468,8.1516,1,0.6931,42,0,0.927,0,0,0.0,0,0,0,1,3468.0,235.5,816760.0,587.32,0.719,Lomé,Tropical_Aw
LME_0198,Commerces & Marchés,1992,32,1170,7.0656,1,0.6931,18,0,0.974,0,0,0.0,1,0,1,1,1170.0,307.6,359901.0,223.15,0.62,Lomé,Tropical_Aw
LME_0199,Commerces & Marchés,2004,20,1487,7.3052,1,0.6931,13,0,0.982,0,0,0.0,0,0,1,1,1487.0,301.5,448271.0,270.75,0.604,Lomé,Tropical_Aw
LME_0200,Commerces & Marchés,2013,11,3390,8.1289,1,0.6931,58,0,0.969,0,0,0.0,0,1,1,1,3390.0,191.0,647570.0,372.33,0.575,Lomé,Tropical_Aw
LME_0201,Commerces & Marchés,1992,32,1495,7.3106,1,0.6931,73,0,0.98,1,0,0.0,0,0,1,1,1495.0,125.2,187137.0,113.02,0.626,Lomé,Tropical_Aw
LME_0202,Commerces & Marchés,1981,43,997,6.9058,3,1.3863,9,0,0.936,0,0,0.0,0,0,1,0,332.3,304.5,303554.0,204.19,0.673,Lomé,Tropical_Aw
LME_0203,Commerces & Marchés,2001,23,1970,7.5863,1,0.6931,39,0,0.922,0,0,0.0,0,1,1,1,1970.0,235.2,463257.0,323.1,0.697,Lomé,Tropical_Aw
LME_0204,Commerces & Marchés,2017,7,2554,7.8458,1,0.6931,35,0,0.935,0,0,0.0,0,0,1,1,2554.0,225.3,575293.0,335.31,0.583,Lomé,Tropical_Aw
LME_0205,Commerces & Marchés,2022,2,1305,7.1747,1,0.6931,44,0,0.996,0,0,0.0,0,0,1,1,1305.0,206.9,269968.0,170.49,0.632,Lomé,Tropical_Aw
LME_0206,Commerces & Marchés,2018,6,1833,7.5143,1,0.6931,40,0,0.956,0,0,0.0,1,0,1,1,1833.0,224.2,411004.0,267.94,0.652,Lomé,Tropical_Aw
LME_0207,Commerces & Marchés,1989,35,3284,8.0971,2,1.0986,70,0,0.896,0,0,0.0,1,1,1,1,1642.0,186.9,613716.0,444.62,0.724,Lomé,Tropical_Aw
LME_0208,Commerces & Marchés,2009,15,2455,7.8063,1,0.6931,18,0,0.932,0,0,0.0,1,0,1,1,2455.0,302.4,742321.0,476.86,0.642,Lomé,Tropical_Aw
LME_0209,Commerces & Marchés,2001,23,2548,7.8435,2,1.0986,1,0,0.889,0,0,0.0,0,1,0,1,1274.0,355.1,904838.0,499.33,0.552,Lomé,Tropical_Aw
LME_0210,Commerces & Marchés,2000,24,2483,7.8176,3,1.3863,56,0,0.957,0,0,0.0,1,1,1,1,827.7,217.9,541121.0,335.32,0.62,Lomé,Tropical_Aw
LME_0211,Commerces & Marchés,2000,24,4258,8.3568,1,0.6931,62,0,0.919,0,0,0.0,0,0,0,1,4258.0,151.5,645085.0,419.45,0.65,Lomé,Tropical_Aw
LME_0212,Commerces & Marchés,2005,19,2299,7.7407,1,0.6931,42,0,0.99,0,0,0.0,0,0,1,0,2299.0,184.8,424787.0,234.82,0.553,Lomé,Tropical_Aw
LME_0213,Commerces & Marchés,2004,20,2671,7.8906,2,1.0986,55,0,0.948,0,0,0.0,1,1,1,1,1335.5,183.4,489849.0,323.07,0.66,Lomé,Tropical_Aw
LME_0214,Commerces & Marchés,2022,2,1034,6.9422,1,0.6931,42,0,0.95,0,0,0.0,1,0,1,1,1034.0,244.2,252505.0,146.39,0.58,Lomé,Tropical_Aw
LME_0215,Commerces & Marchés,2007,17,8690,9.07,1,0.6931,51,0,0.951,0,0,0.0,0,0,1,0,8690.0,134.3,1166709.0,722.65,0.619,Lomé,Tropical_Aw
LME_0216,Commerces & Marchés,2016,8,2919,7.9793,2,1.0986,53,0,0.959,0,0,0.0,1,1,0,1,1459.5,150.3,438685.0,259.42,0.591,Lomé,Tropical_Aw
LME_0217,Commerces & Marchés,1988,36,4542,8.4213,1,0.6931,69,0,0.908,1,0,0.0,0,0,0,0,4542.0,171.0,776753.0,418.95,0.566,Lomé,Tropical_Aw
LME_0218,Commerces & Marchés,2015,9,5107,8.5386,1,0.6931,80,0,0.978,0,0,0.0,0,0,1,0,5107.0,143.7,733671.0,432.96,0.59,Lomé,Tropical_Aw
LME_0219,Commerces & Marchés,2014,10,2635,7.877,1,0.6931,23,0,0.95,0,0,0.0,0,0,1,1,2635.0,242.6,639245.0,378.13,0.592,Lomé,Tropical_Aw
LME_0220,Commerces & Marchés,2008,16,4982,8.5138,1,0.6931,76,0,0.924,0,0,0.0,0,0,0,0,4982.0,163.4,814271.0,491.79,0.604,Lomé,Tropical_Aw
LME_0221,Hôtels,2001,23,15774,9.6662,4,1.6094,37,0,0.921,0,0,0.0,0,0,1,1,3943.5,263.3,4153769.0,2687.49,0.647,Lomé,Tropical_Aw
LME_0222,Hôtels,1996,28,19078,9.8563,2,1.0986,15,0,0.974,0,0,0.0,0,0,1,1,9539.0,294.2,5612993.0,3054.06,0.544,Lomé,Tropical_Aw
LME_0223,Hôtels,1988,36,14051,9.5505,4,1.6094,1,0,0.984,0,0,0.0,0,1,1,1,3512.8,409.9,5759675.0,3582.5,0.622,Lomé,Tropical_Aw
LME_0224,Hôtels,2020,4,8136,9.0042,3,1.3863,46,0,0.961,0,0,0.0,0,1,1,1,2712.0,216.8,1763710.0,1200.38,0.681,Lomé,Tropical_Aw
LME_0225,Hôtels,2010,14,7642,8.9415,4,1.6094,34,0,0.922,0,0,0.0,0,1,1,1,1910.5,228.7,1747932.0,987.42,0.565,Lomé,Tropical_Aw
LME_0226,Hôtels,2003,21,8900,9.0939,5,1.7918,43,0,0.887,0,0,0.0,1,0,1,1,1780.0,254.5,2265426.0,1531.13,0.676,Lomé,Tropical_Aw
LME_0227,Hôtels,2001,23,7409,8.9106,4,1.6094,40,0,0.998,0,0,0.0,0,0,1,1,1852.2,264.8,1962141.0,1052.84,0.537,Lomé,Tropical_Aw
LME_0228,Hôtels,2001,23,6442,8.7707,3,1.3863,48,0,0.905,0,0,0.0,0,1,1,1,2147.3,204.8,1319421.0,831.71,0.63,Lomé,Tropical_Aw
LME_0229,Hôtels,2011,13,6750,8.8174,4,1.6094,6,0,0.912,1,0,0.0,1,1,1,1,1687.5,351.4,2371814.0,1484.5,0.682,Lomé,Tropical_Aw
LME_0230,Hôtels,2022,2,29043,10.2766,5,1.7918,27,0,0.893,0,0,0.0,0,0,1,1,5808.6,274.5,7972083.0,4857.03,0.609,Lomé,Tropical_Aw
LME_0231,Hôtels,1982,42,5403,8.5949,5,1.7918,44,0,0.934,0,0,0.0,0,1,1,1,1080.6,230.9,1247605.0,805.59,0.646,Lomé,Tropical_Aw
LME_0232,Hôtels,1991,33,4847,8.4863,4,1.6094,14,0,0.97,0,0,0.0,1,0,1,1,1211.8,295.7,1433247.0,1008.82,0.704,Lomé,Tropical_Aw
LME_0233,Hôtels,2000,24,29666,10.2978,5,1.7918,21,0,0.904,0,0,0.0,1,1,1,1,5933.2,266.3,7900636.0,5002.48,0.633,Lomé,Tropical_Aw
LME_0234,Hôtels,2015,9,6103,8.7167,4,1.6094,41,0,0.953,0,0,0.0,0,0,1,0,1525.8,236.9,1445713.0,925.83,0.64,Lomé,Tropical_Aw
LME_0235,Hôtels,2012,12,3713,8.2199,4,1.6094,19,0,0.943,0,0,0.0,1,0,1,1,928.2,318.6,1182984.0,785.93,0.664,Lomé,Tropical_Aw
LME_0236,Hôtels,2017,7,50000,10.8198,4,1.6094,1,0,0.935,0,0,0.0,0,0,1,1,12500.0,303.4,15171750.0,8181.09,0.539,Lomé,Tropical_Aw
LME_0237,Hôtels,1983,41,7077,8.8647,3,1.3863,6,0,0.887,0,0,0.0,0,1,1,1,2359.0,317.8,2249314.0,1178.68,0.524,Lomé,Tropical_Aw
LME_0238,Hôtels,1990,34,27188,10.2106,4,1.6094,22,0,0.902,0,0,0.0,1,0,1,1,6797.0,291.3,7919406.0,4635.09,0.585,Lomé,Tropical_Aw
LME_0239,Hôtels,2009,15,10611,9.2697,3,1.3863,44,0,0.979,0,0,0.0,1,0,1,1,3537.0,212.4,2254267.0,1248.59,0.554,Lomé,Tropical_Aw
LME_0240,Hôtels,2010,14,12450,9.4296,4,1.6094,39,0,0.94,0,0,0.0,0,0,1,1,3112.5,236.2,2941219.0,1849.26,0.629,Lomé,Tropical_Aw
LME_0241,Hôtels,2013,11,4572,8.4279,4,1.6094,23,0,0.908,0,0,0.0,0,1,1,1,1143.0,301.6,1379007.0,791.64,0.574,Lomé,Tropical_Aw
LME_0242,Hôtels,1992,32,18824,9.8429,3,1.3863,33,0,0.907,0,0,0.0,1,1,1,1,6274.7,235.5,4433543.0,2716.41,0.613,Lomé,Tropical_Aw
LME_0243,Hôtels,2010,14,10708,9.2788,4,1.6094,29,0,0.945,0,0,0.0,0,0,1,1,2677.0,199.7,2138359.0,1124.78,0.526,Lomé,Tropical_Aw
LME_0244,Hôtels,2011,13,9920,9.2024,3,1.3863,12,0,0.894,0,0,0.0,0,1,1,1,3306.7,281.4,2791900.0,1664.97,0.596,Lomé,Tropical_Aw
LME_0245,Hôtels,1982,42,1511,7.3212,4,1.6094,1,0,0.955,0,0,0.0,0,0,1,1,377.8,466.5,704927.0,397.86,0.564,Lomé,Tropical_Aw
LME_0246,Hôtels,2003,21,33895,10.4311,4,1.6094,7,0,0.975,0,0,0.0,1,0,1,1,8473.8,351.4,11911171.0,7331.25,0.615,Lomé,Tropical_Aw
LME_0247,Hôtels,2009,15,8160,9.0071,5,1.7918,18,0,0.925,0,0,0.0,1,0,1,0,1632.0,249.7,2037266.0,1284.63,0.631,Lomé,Tropical_Aw
LME_0248,Hôtels,2004,20,15272,9.6338,4,1.6094,41,0,0.936,0,0,0.0,1,0,1,1,3818.0,277.5,4238638.0,2583.67,0.61,Lomé,Tropical_Aw
LME_0249,Hôtels,1990,34,11943,9.388,5,1.7918,9,0,0.974,0,0,0.0,0,0,1,1,2388.6,331.6,3960730.0,2743.96,0.693,Lomé,Tropical_Aw
LME_0250,Hôtels,2020,4,5416,8.5973,4,1.6094,38,0,0.97,0,0,0.0,0,0,1,1,1354.0,241.9,1310368.0,863.8,0.659,Lomé,Tropical_Aw
LME_0251,Hôtels,2015,9,9277,9.1354,3,1.3863,39,0,0.918,0,0,0.0,1,1,1,1,3092.3,230.5,2138253.0,1256.0,0.587,Lomé,Tropical_Aw
LME_0252,Hôtels,2018,6,18612,9.8316,3,1.3863,2,0,0.959,0,0,0.0,0,0,1,1,6204.0,339.9,6327071.0,3953.89,0.625,Lomé,Tropical_Aw
LME_0253,Hôtels,2014,10,5584,8.6278,4,1.6094,12,0,0.912,0,0,0.0,1,0,1,1,1396.0,295.6,1650526.0,910.5,0.552,Lomé,Tropical_Aw
LME_0254,Hôtels,1984,40,14874,9.6074,3,1.3863,49,0,0.911,1,0,0.0,1,0,1,1,4958.0,204.6,3043255.0,1666.07,0.593,Lomé,Tropical_Aw
LME_0255,Hôtels,2020,4,7858,8.9694,5,1.7918,45,0,0.949,0,0,0.0,0,0,1,0,1571.6,242.4,1905036.0,1242.52,0.652,Lomé,Tropical_Aw
LME_0256,Hôtels,1994,30,5608,8.6321,4,1.6094,14,0,0.883,0,0,0.0,1,1,1,1,1402.0,273.9,1536151.0,1035.5,0.674,Lomé,Tropical_Aw
LME_0257,Hôtels,2016,8,15297,9.6355,5,1.7918,23,0,0.955,0,0,0.0,1,1,1,1,3059.4,321.9,4924037.0,3550.24,0.721,Lomé,Tropical_Aw
LME_0258,Hôtels,2021,3,7012,8.8555,5,1.7918,33,0,0.921,0,0,0.0,0,1,1,0,1402.4,270.7,1898011.0,1236.13,0.651,Lomé,Tropical_Aw
LME_0259,Hôtels,2014,10,38867,10.5679,4,1.6094,6,0,0.9,0,0,0.0,1,0,1,1,9716.8,300.2,11668523.0,7140.92,0.612,Lomé,Tropical_Aw
LME_0260,Hôtels,2014,10,18166,9.8074,3,1.3863,26,0,0.935,0,0,0.0,0,0,1,1,6055.3,291.2,5290081.0,3690.93,0.698,Lomé,Tropical_Aw
LME_0261,Hôtels,2008,16,10203,9.2305,4,1.6094,27,0,0.949,0,0,0.0,1,1,1,1,2550.8,226.0,2305522.0,1393.39,0.604,Lomé,Tropical_Aw
LME_0262,Hôtels,2011,13,21569,9.9791,3,1.3863,20,0,0.986,0,0,0.0,1,0,1,1,7189.7,269.8,5819839.0,3791.49,0.651,Lomé,Tropical_Aw
LME_0263,Hôtels,2023,1,11816,9.3773,5,1.7918,14,0,0.887,0,0,0.0,0,1,1,0,2363.2,315.9,3732096.0,2291.49,0.614,Lomé,Tropical_Aw
LME_0264,Hôtels,1999,25,12282,9.416,3,1.3863,19,0,0.908,0,0,0.0,0,0,1,1,4094.0,284.7,3496330.0,2122.94,0.607,Lomé,Tropical_Aw
LME_0265,Hôtels,2001,23,9478,9.1568,4,1.6094,41,0,0.916,0,0,0.0,1,1,1,1,2369.5,259.3,2458023.0,1653.25,0.673,Lomé,Tropical_Aw
LME_0266,Hôtels,2003,21,4460,8.4031,4,1.6094,1,0,0.984,0,0,0.0,0,1,1,1,1115.0,305.5,1362536.0,883.82,0.649,Lomé,Tropical_Aw
LME_0267,Hôtels,1994,30,11256,9.3287,6,1.9459,32,0,0.939,0,0,0.0,0,0,1,1,1876.0,224.3,2525082.0,1664.2,0.659,Lomé,Tropical_Aw
LME_0268,Hôtels,2019,5,1948,7.5751,5,1.7918,23,0,0.918,0,0,0.0,1,0,1,0,389.6,298.4,581245.0,352.27,0.606,Lomé,Tropical_Aw
LME_0269,Hôtels,2007,17,9540,9.1634,5,1.7918,25,0,0.983,0,0,0.0,1,0,1,1,1908.0,261.4,2493425.0,1675.06,0.672,Lomé,Tropical_Aw
LME_0270,Hôtels,2010,14,12600,9.4415,4,1.6094,35,0,0.939,0,0,0.0,1,0,1,1,3150.0,216.2,2723596.0,1889.76,0.694,Lomé,Tropical_Aw
LME_0271,Hôtels,1999,25,6553,8.7878,3,1.3863,8,0,0.914,0,0,0.0,0,0,1,1,2184.3,317.2,2078640.0,1244.03,0.598,Lomé,Tropical_Aw
LME_0272,Hôtels,2019,5,4928,8.5029,4,1.6094,38,0,0.976,0,0,0.0,1,1,1,1,1232.0,225.9,1113074.0,712.85,0.64,Lomé,Tropical_Aw
LME_0273,Hôtels,2016,8,14391,9.5744,5,1.7918,23,0,0.922,0,0,0.0,0,0,1,1,2878.2,263.4,3789986.0,2125.45,0.561,Lomé,Tropical_Aw
LME_0274,Hôtels,1995,29,5925,8.6871,5,1.7918,31,0,0.938,0,0,0.0,0,1,1,0,1185.0,288.6,1709904.0,1015.15,0.594,Lomé,Tropical_Aw
LME_0275,Hôtels,2012,12,10925,9.2989,2,1.0986,33,0,0.94,0,0,0.0,1,1,1,1,5462.5,276.8,3024565.0,2009.33,0.664,Lomé,Tropical_Aw
LME_0276,Hôtels,1987,37,8492,9.047,3,1.3863,9,0,0.967,0,0,0.0,0,0,1,1,2830.7,294.1,2497216.0,1496.31,0.599,Lomé,Tropical_Aw
LME_0277,Hôtels,2016,8,6803,8.8253,4,1.6094,26,0,0.948,0,0,0.0,1,0,1,1,1700.8,306.6,2085694.0,1176.51,0.564,Lomé,Tropical_Aw
LME_0278,Hôtels,2001,23,10899,9.2965,4,1.6094,23,0,0.953,0,0,0.0,1,0,1,1,2724.8,301.4,3284784.0,1890.52,0.576,Lomé,Tropical_Aw
LME_0279,Hôtels,2023,1,18273,9.8132,5,1.7918,42,0,0.889,0,0,0.0,0,1,1,1,3654.6,209.8,3833550.0,2131.57,0.556,Lomé,Tropical_Aw
LME_0280,Hôtels,2023,1,4410,8.3919,3,1.3863,31,0,0.934,0,0,0.0,0,0,1,1,1470.0,274.3,1209554.0,822.86,0.68,Lomé,Tropical_Aw
LME_0281,Écoles & Universités,2005,19,3414,8.1359,3,1.3863,81,0,0.963,0,0,0.0,0,1,1,1,1138.0,84.9,289886.0,188.34,0.65,Lomé,Tropical_Aw
LME_0282,Écoles & Universités,2001,23,1773,7.481,2,1.0986,71,0,0.939,0,0,0.0,1,0,0,1,886.5,138.1,244903.0,163.0,0.666,Lomé,Tropical_Aw
LME_0283,Écoles & Universités,2018,6,9705,9.1805,2,1.0986,76,0,0.988,0,0,0.0,1,0,1,1,4852.5,131.5,1276570.0,843.17,0.66,Lomé,Tropical_Aw
LME_0284,Écoles & Universités,2023,1,9456,9.1545,1,0.6931,87,0,0.906,0,0,0.0,0,1,0,0,9456.0,81.4,770116.0,480.25,0.624,Lomé,Tropical_Aw
LME_0285,Écoles & Universités,2002,22,7946,8.9805,1,0.6931,74,0,0.922,0,0,0.0,0,1,1,0,7946.0,91.4,726605.0,466.87,0.643,Lomé,Tropical_Aw
LME_0286,Écoles & Universités,2018,6,5632,8.6364,1,0.6931,88,0,0.978,0,0,0.0,1,1,1,1,5632.0,110.5,622387.0,367.72,0.591,Lomé,Tropical_Aw
LME_0287,Écoles & Universités,2019,5,2290,7.7367,1,0.6931,95,0,0.977,0,0,0.0,1,0,1,1,2290.0,72.3,165579.0,91.89,0.555,Lomé,Tropical_Aw
LME_0288,Écoles & Universités,1985,39,5821,8.6694,2,1.0986,68,0,0.937,0,0,0.0,0,1,1,0,2910.5,155.6,905753.0,564.24,0.623,Lomé,Tropical_Aw
LME_0289,Écoles & Universités,2011,13,3381,8.1262,1,0.6931,88,0,0.889,0,0,0.0,0,0,0,1,3381.0,93.6,316295.0,203.81,0.644,Lomé,Tropical_Aw
LME_0290,Écoles & Universités,2004,20,8949,9.0994,1,0.6931,85,0,0.93,0,0,0.0,1,0,0,1,8949.0,84.8,759319.0,425.14,0.56,Lomé,Tropical_Aw
LME_0291,Écoles & Universités,1996,28,6214,8.7347,1,0.6931,86,0,0.908,0,0,0.0,0,0,0,0,6214.0,99.9,620942.0,416.6,0.671,Lomé,Tropical_Aw
LME_0292,Écoles & Universités,2005,19,5546,8.621,3,1.3863,78,0,0.97,0,0,0.0,1,0,0,1,1848.7,128.3,711281.0,468.56,0.659,Lomé,Tropical_Aw
LME_0293,Écoles & Universités,2006,18,15373,9.6404,2,1.0986,85,0,0.91,0,0,0.0,1,1,0,0,7686.5,109.9,1689961.0,1029.74,0.609,Lomé,Tropical_Aw
LME_0294,Écoles & Universités,2003,21,1929,7.5653,3,1.3863,98,0,0.961,0,0,0.0,0,1,0,1,643.0,74.9,144438.0,84.45,0.585,Lomé,Tropical_Aw
LME_0295,Écoles & Universités,2014,10,21049,9.9547,2,1.0986,81,0,0.907,0,0,0.0,1,0,0,1,10524.5,98.6,2074597.0,1166.77,0.562,Lomé,Tropical_Aw
LME_0296,Écoles & Universités,1982,42,5234,8.5631,1,0.6931,81,0,0.959,0,0,0.0,0,0,1,1,5234.0,95.8,501275.0,323.1,0.645,Lomé,Tropical_Aw
LME_0297,Écoles & Universités,1984,40,1743,7.4639,3,1.3863,87,0,0.974,0,0,0.0,0,1,1,0,581.0,96.1,167536.0,104.13,0.622,Lomé,Tropical_Aw
LME_0298,Écoles & Universités,2021,3,6297,8.748,1,0.6931,84,0,0.925,0,0,0.0,1,1,1,1,6297.0,106.6,671002.0,430.52,0.642,Lomé,Tropical_Aw
LME_0299,Écoles & Universités,2003,21,6139,8.7226,1,0.6931,85,0,0.886,0,0,0.0,1,0,0,1,6139.0,110.1,676162.0,393.02,0.581,Lomé,Tropical_Aw
LME_0300,Écoles & Universités,1995,29,1262,7.1412,2,1.0986,79,0,0.898,0,0,0.0,1,0,1,1,631.0,115.4,145645.0,87.46,0.601,Lomé,Tropical_Aw
LME_0301,Écoles & Universités,2012,12,3421,8.138,2,1.0986,88,0,0.987,0,0,0.0,0,0,1,1,1710.5,101.5,347364.0,209.71,0.604,Lomé,Tropical_Aw
LME_0302,Écoles & Universités,1995,29,2974,7.998,1,0.6931,88,0,0.969,0,0,0.0,0,1,0,1,2974.0,127.9,380458.0,252.87,0.665,Lomé,Tropical_Aw
LME_0303,Écoles & Universités,2005,19,32766,10.3972,1,0.6931,100,0,0.948,0,0,0.0,0,0,1,0,32766.0,45.0,1473820.0,855.96,0.581,Lomé,Tropical_Aw
LME_0304,Écoles & Universités,2000,24,9700,9.18,2,1.0986,95,0,0.984,0,0,0.0,1,0,1,0,4850.0,75.1,728752.0,484.63,0.665,Lomé,Tropical_Aw
LME_0305,Écoles & Universités,2014,10,21312,9.9671,3,1.3863,100,0,0.913,0,0,0.0,0,1,1,0,7104.0,45.8,976391.0,694.59,0.711,Lomé,Tropical_Aw
LME_0306,Écoles & Universités,1986,38,2640,7.8789,2,1.0986,63,0,0.968,0,0,0.0,1,1,0,0,1320.0,109.4,288873.0,173.07,0.599,Lomé,Tropical_Aw
LME_0307,Écoles & Universités,2009,15,3135,8.0507,3,1.3863,100,0,0.96,0,0,0.0,0,1,1,0,1045.0,76.4,239370.0,137.99,0.576,Lomé,Tropical_Aw
LME_0308,Écoles & Universités,2003,21,25998,10.1658,2,1.0986,77,0,0.99,0,0,0.0,0,0,1,0,12999.0,72.2,1875919.0,1184.55,0.631,Lomé,Tropical_Aw
LME_0309,Écoles & Universités,2014,10,10374,9.2472,2,1.0986,98,0,0.88,0,0,0.0,1,0,1,0,5187.0,84.9,881074.0,557.39,0.633,Lomé,Tropical_Aw
LME_0310,Écoles & Universités,2010,14,22345,10.0144,3,1.3863,100,0,0.921,0,0,0.0,1,0,1,0,7448.3,58.6,1308654.0,826.51,0.632,Lomé,Tropical_Aw
LME_0311,Écoles & Universités,1993,31,12295,9.417,2,1.0986,100,0,0.882,0,0,0.0,1,0,0,0,6147.5,62.2,764346.0,444.93,0.582,Lomé,Tropical_Aw
LME_0312,Écoles & Universités,2005,19,45990,10.7362,3,1.3863,79,0,0.909,0,0,0.0,0,0,1,1,15330.0,51.3,2358603.0,1629.62,0.691,Lomé,Tropical_Aw
LME_0313,Écoles & Universités,2003,21,16217,9.6939,2,1.0986,85,0,0.961,0,0,0.0,0,0,1,1,8108.5,71.6,1161848.0,625.5,0.538,Lomé,Tropical_Aw
LME_0314,Écoles & Universités,2020,4,8338,9.0287,2,1.0986,73,0,0.94,0,0,0.0,0,1,0,1,4169.0,104.4,870621.0,630.59,0.724,Lomé,Tropical_Aw
LME_0315,Écoles & Universités,2011,13,6388,8.7623,1,0.6931,99,0,0.887,0,0,0.0,0,1,0,0,6388.0,68.0,434261.0,271.09,0.624,Lomé,Tropical_Aw
LME_0316,Écoles & Universités,2000,24,2726,7.911,3,1.3863,90,0,0.917,0,0,0.0,1,0,0,0,908.7,93.5,254994.0,178.37,0.699,Lomé,Tropical_Aw
LME_0317,Écoles & Universités,2014,10,2550,7.8442,1,0.6931,95,0,0.989,1,0,0.0,0,0,1,1,2550.0,38.4,97870.0,58.96,0.66,Lomé,Tropical_Aw
LME_0318,Écoles & Universités,2005,19,15693,9.661,1,0.6931,75,0,0.992,0,0,0.0,1,0,1,0,15693.0,132.4,2077123.0,1278.67,0.616,Lomé,Tropical_Aw
LME_0319,Écoles & Universités,2013,11,2764,7.9248,2,1.0986,91,0,0.894,0,0,0.0,0,1,0,1,1382.0,59.9,165683.0,88.75,0.536,Lomé,Tropical_Aw
LME_0320,Écoles & Universités,1995,29,26037,10.1673,2,1.0986,80,0,0.937,0,0,0.0,1,1,0,1,13018.5,99.8,2598649.0,1502.88,0.578,Lomé,Tropical_Aw
LME_0321,Écoles & Universités,1989,35,3683,8.2118,2,1.0986,57,0,0.985,0,0,0.0,0,0,1,0,1841.5,158.5,583899.0,396.78,0.68,Lomé,Tropical_Aw
LME_0322,Écoles & Universités,1994,30,7007,8.8548,1,0.6931,94,0,0.898,0,0,0.0,1,0,0,1,7007.0,75.2,526745.0,358.25,0.68,Lomé,Tropical_Aw
LME_0323,Écoles & Universités,2017,7,14279,9.5666,2,1.0986,89,0,0.895,0,0,0.0,0,0,0,1,7139.5,91.1,1300696.0,800.0,0.615,Lomé,Tropical_Aw
LME_0324,Écoles & Universités,2018,6,1127,7.0282,1,0.6931,78,0,0.994,1,0,0.0,1,0,0,1,1127.0,134.8,151941.0,85.99,0.591,Lomé,Tropical_Aw
LME_0325,Écoles & Universités,2011,13,4513,8.4149,1,0.6931,91,0,0.906,0,0,0.0,1,0,1,0,4513.0,83.3,375934.0,248.26,0.66,Lomé,Tropical_Aw
LME_0326,Écoles & Universités,2012,12,15457,9.6459,3,1.3863,92,0,0.974,0,0,0.0,1,0,0,0,5152.3,93.9,1451318.0,1064.72,0.734,Lomé,Tropical_Aw
LME_0327,Écoles & Universités,1989,35,2692,7.8984,2,1.0986,61,0,0.943,0,0,0.0,1,1,0,1,1346.0,137.5,370180.0,239.77,0.648,Lomé,Tropical_Aw
LME_0328,Écoles & Universités,2005,19,5726,8.6529,1,0.6931,77,0,0.941,0,0,0.0,1,1,1,0,5726.0,88.3,505810.0,314.08,0.621,Lomé,Tropical_Aw
LME_0329,Écoles & Universités,2020,4,21742,9.987,3,1.3863,100,0,0.886,0,0,0.0,1,0,1,1,7247.3,98.0,2130106.0,1328.0,0.623,Lomé,Tropical_Aw
LME_0330,Écoles & Universités,1990,34,10071,9.2175,1,0.6931,66,0,0.9,0,0,0.0,0,0,1,0,10071.0,121.0,1218832.0,711.98,0.584,Lomé,Tropical_Aw
LME_0331,Écoles & Universités,1990,34,13153,9.4845,1,0.6931,94,0,0.939,0,0,0.0,0,0,1,1,13153.0,68.1,895291.0,634.32,0.709,Lomé,Tropical_Aw
LME_0332,Écoles & Universités,1992,32,9463,9.1553,1,0.6931,88,0,0.901,0,0,0.0,1,1,0,0,9463.0,82.3,778746.0,514.58,0.661,Lomé,Tropical_Aw
LME_0333,Écoles & Universités,2023,1,15160,9.6265,1,0.6931,80,0,0.98,0,0,0.0,0,0,1,1,15160.0,95.4,1446084.0,871.39,0.603,Lomé,Tropical_Aw
LME_0334,Écoles & Universités,2017,7,14108,9.5546,3,1.3863,67,0,0.984,0,0,0.0,1,0,0,1,4702.7,93.2,1314735.0,899.25,0.684,Lomé,Tropical_Aw
LME_0335,Écoles & Universités,1994,30,3374,8.1242,3,1.3863,62,0,0.938,0,0,0.0,0,0,1,0,1124.7,133.5,450489.0,252.98,0.562,Lomé,Tropical_Aw
LME_0336,Écoles & Universités,2016,8,7978,8.9846,1,0.6931,76,0,0.883,0,0,0.0,0,0,0,0,7978.0,95.0,758078.0,503.34,0.664,Lomé,Tropical_Aw
LME_0337,Écoles & Universités,2008,16,10731,9.281,3,1.3863,89,0,0.93,0,0,0.0,1,0,0,1,3577.0,80.4,863273.0,508.82,0.589,Lomé,Tropical_Aw
LME_0338,Écoles & Universités,2022,2,5656,8.6406,2,1.0986,100,0,0.901,0,0,0.0,0,0,1,0,2828.0,75.7,428343.0,218.67,0.511,Lomé,Tropical_Aw
LME_0339,Écoles & Universités,2020,4,7788,8.9605,2,1.0986,73,0,0.932,0,0,0.0,1,1,0,0,3894.0,114.7,892927.0,571.1,0.64,Lomé,Tropical_Aw
LME_0340,Écoles & Universités,2011,13,3816,8.2472,2,1.0986,91,0,0.931,0,0,0.0,1,1,1,1,1908.0,43.7,166715.0,103.96,0.624,Lomé,Tropical_Aw
LME_0341,Écoles & Universités,1982,42,15799,9.6678,1,0.6931,69,0,0.976,0,0,0.0,0,0,1,1,15799.0,140.1,2213205.0,1503.05,0.679,Lomé,Tropical_Aw
LME_0342,Écoles & Universités,2023,1,13354,9.4996,2,1.0986,85,0,0.966,0,0,0.0,1,1,0,1,6677.0,88.3,1179500.0,751.11,0.637,Lomé,Tropical_Aw
LME_0343,Écoles & Universités,2000,24,27857,10.2349,2,1.0986,82,0,0.918,0,0,0.0,1,0,1,0,13928.5,114.7,3196192.0,2107.22,0.659,Lomé,Tropical_Aw
LME_0344,Écoles & Universités,2022,2,7564,8.9313,2,1.0986,83,0,0.927,0,0,0.0,0,0,0,0,3782.0,108.8,822940.0,453.73,0.551,Lomé,Tropical_Aw
LME_0345,Écoles & Universités,2016,8,25045,10.1285,1,0.6931,100,0,0.912,0,0,0.0,0,0,0,0,25045.0,74.8,1872226.0,1028.03,0.549,Lomé,Tropical_Aw
LME_0346,Écoles & Universités,1989,35,4084,8.3151,1,0.6931,95,0,0.938,0,0,0.0,1,0,1,1,4084.0,67.2,274376.0,173.66,0.633,Lomé,Tropical_Aw
LME_0347,Écoles & Universités,1995,29,8827,9.0857,2,1.0986,73,0,0.962,0,0,0.0,1,0,0,0,4413.5,105.2,928311.0,582.13,0.627,Lomé,Tropical_Aw
LME_0348,Écoles & Universités,2013,11,6770,8.8204,1,0.6931,91,0,0.97,0,0,0.0,0,1,0,1,6770.0,96.5,653617.0,438.89,0.671,Lomé,Tropical_Aw
LME_0349,Écoles & Universités,1988,36,6340,8.7548,2,1.0986,74,0,0.982,0,0,0.0,0,0,1,0,3170.0,93.8,594832.0,422.52,0.71,Lomé,Tropical_Aw
LME_0350,Écoles & Universités,2018,6,7693,8.9482,1,0.6931,78,0,0.98,0,0,0.0,1,0,1,0,7693.0,140.7,1082694.0,737.22,0.681,Lomé,Tropical_Aw
LME_0351,Écoles & Universités,2005,19,4446,8.4,2,1.0986,93,0,0.956,0,0,0.0,1,1,1,0,2223.0,93.7,416388.0,262.06,0.629,Lomé,Tropical_Aw
LME_0352,Écoles & Universités,2023,1,3980,8.2893,2,1.0986,89,0,0.924,0,0,0.0,0,0,1,0,1990.0,77.6,308681.0,207.01,0.671,Lomé,Tropical_Aw
LME_0353,Écoles & Universités,2013,11,5842,8.673,2,1.0986,91,0,0.931,0,0,0.0,0,1,1,0,2921.0,50.1,292924.0,207.18,0.707,Lomé,Tropical_Aw
LME_0354,Écoles & Universités,2002,22,23839,10.0791,2,1.0986,70,0,0.952,0,0,0.0,1,0,0,0,11919.5,135.9,3239142.0,1934.12,0.597,Lomé,Tropical_Aw
LME_0355,Écoles & Universités,1993,31,4022,8.2998,2,1.0986,73,0,0.991,0,0,0.0,0,0,1,0,2011.0,101.2,407164.0,246.57,0.606,Lomé,Tropical_Aw
LME_0356,Écoles & Universités,2017,7,2338,7.7575,2,1.0986,91,0,0.921,0,0,0.0,0,0,0,0,1169.0,75.5,176540.0,111.9,0.634,Lomé,Tropical_Aw
LME_0357,Écoles & Universités,2009,15,3755,8.2311,2,1.0986,92,0,0.921,1,0,0.0,1,0,0,1,1877.5,97.2,365025.0,197.28,0.592,Lomé,Tropical_Aw
LME_0358,Écoles & Universités,1990,34,4683,8.4519,1,0.6931,88,0,0.902,0,0,0.0,0,0,1,1,4683.0,77.8,364118.0,242.5,0.666,Lomé,Tropical_Aw
LME_0359,Écoles & Universités,2022,2,4001,8.2945,1,0.6931,92,0,0.916,0,0,0.0,1,1,1,0,4001.0,80.6,322626.0,194.76,0.604,Lomé,Tropical_Aw
LME_0360,Écoles & Universités,1990,34,3570,8.1806,2,1.0986,72,0,0.995,0,0,0.0,0,0,0,1,1785.0,134.2,479191.0,334.71,0.698,Lomé,Tropical_Aw
LME_0361,Hôpitaux & Cliniques,2001,23,9103,9.1165,2,1.0986,29,0,0.945,0,0,0.0,0,0,1,1,4551.5,262.9,2393307.0,1292.35,0.54,Lomé,Tropical_Aw
LME_0362,Hôpitaux & Cliniques,2009,15,4100,8.319,2,1.0986,1,0,0.89,0,0,0.0,1,1,1,1,2050.0,379.4,1555595.0,954.03,0.613,Lomé,Tropical_Aw
LME_0363,Hôpitaux & Cliniques,1994,30,18664,9.8344,2,1.0986,1,0,0.998,0,0,0.0,1,0,1,1,9332.0,346.2,6460685.0,4092.62,0.633,Lomé,Tropical_Aw
LME_0364,Hôpitaux & Cliniques,1990,34,17899,9.7926,3,1.3863,1,0,0.92,0,0,0.0,0,0,1,1,5966.3,420.1,7519578.0,4774.03,0.635,Lomé,Tropical_Aw
LME_0365,Hôpitaux & Cliniques,2000,24,11306,9.3332,2,1.0986,1,0,0.952,0,0,0.0,0,1,1,1,5653.0,437.4,4944744.0,2726.6,0.551,Lomé,Tropical_Aw
LME_0366,Hôpitaux & Cliniques,1983,41,5653,8.6401,4,1.6094,2,0,0.963,0,0,0.0,1,1,1,1,1413.2,307.9,1740694.0,1026.65,0.59,Lomé,Tropical_Aw
LME_0367,Hôpitaux & Cliniques,2021,3,9684,9.1783,2,1.0986,9,0,0.895,0,0,0.0,0,0,1,1,4842.0,328.5,3181547.0,1938.26,0.609,Lomé,Tropical_Aw
LME_0368,Hôpitaux & Cliniques,1996,28,36032,10.4922,1,0.6931,1,0,0.99,0,0,0.0,0,0,1,1,36032.0,384.5,13854705.0,8854.02,0.639,Lomé,Tropical_Aw
LME_0369,Hôpitaux & Cliniques,2000,24,11565,9.3558,1,0.6931,1,0,0.931,0,0,0.0,0,0,1,1,11565.0,387.8,4485131.0,2820.15,0.629,Lomé,Tropical_Aw
LME_0370,Hôpitaux & Cliniques,2003,21,12121,9.4028,3,1.3863,1,0,0.932,0,0,0.0,0,0,1,1,4040.3,402.5,4878744.0,3063.77,0.628,Lomé,Tropical_Aw
LME_0371,Hôpitaux & Cliniques,1987,37,10942,9.3005,3,1.3863,1,0,0.934,0,0,0.0,0,1,1,1,3647.3,518.2,5669999.0,3248.18,0.573,Lomé,Tropical_Aw
LME_0372,Hôpitaux & Cliniques,2007,17,8586,9.058,3,1.3863,1,0,0.906,0,0,0.0,0,0,1,1,2862.0,293.8,2522246.0,1452.29,0.576,Lomé,Tropical_Aw
LME_0373,Hôpitaux & Cliniques,2006,18,7271,8.8918,3,1.3863,5,0,0.88,1,0,0.0,1,0,1,1,2423.7,336.6,2447332.0,1361.97,0.603,Lomé,Tropical_Aw
LME_0374,Hôpitaux & Cliniques,2016,8,27694,10.229,4,1.6094,1,0,0.997,0,0,0.0,0,0,1,1,6923.5,382.2,10585323.0,6377.95,0.603,Lomé,Tropical_Aw
LME_0375,Hôpitaux & Cliniques,2019,5,9337,9.1418,1,0.6931,1,0,0.891,0,0,0.0,0,0,1,1,9337.0,389.3,3634451.0,2186.23,0.602,Lomé,Tropical_Aw
LME_0376,Hôpitaux & Cliniques,1999,25,11487,9.3491,2,1.0986,1,0,0.885,0,0,0.0,0,0,1,1,5743.5,405.8,4660973.0,2719.3,0.583,Lomé,Tropical_Aw
LME_0377,Hôpitaux & Cliniques,2001,23,13760,9.5296,3,1.3863,15,0,0.944,0,0,0.0,0,0,1,1,4586.7,337.3,4640935.0,2713.83,0.585,Lomé,Tropical_Aw
LME_0378,Hôpitaux & Cliniques,2011,13,5444,8.6025,3,1.3863,1,0,0.903,0,0,0.0,1,0,1,1,1814.7,355.1,1933155.0,1503.23,0.778,Lomé,Tropical_Aw
LME_0379,Hôpitaux & Cliniques,1997,27,18618,9.8319,2,1.0986,1,0,0.959,0,0,0.0,0,0,1,1,9309.0,361.6,6731998.0,3895.81,0.579,Lomé,Tropical_Aw
LME_0380,Hôpitaux & Cliniques,1985,39,11886,9.3832,3,1.3863,11,0,0.937,0,0,0.0,0,1,1,1,3962.0,324.7,3859017.0,2709.68,0.702,Lomé,Tropical_Aw
LME_0381,Hôpitaux & Cliniques,2012,12,13504,9.5108,3,1.3863,1,0,0.931,0,0,0.0,0,0,1,1,4501.3,337.9,4562422.0,2464.7,0.54,Lomé,Tropical_Aw
LME_0382,Hôpitaux & Cliniques,1993,31,9265,9.1341,3,1.3863,3,0,0.884,0,0,0.0,0,1,1,1,3088.3,327.0,3029944.0,1866.59,0.616,Lomé,Tropical_Aw
LME_0383,Hôpitaux & Cliniques,2006,18,9792,9.1894,2,1.0986,1,0,0.92,0,0,0.0,0,0,1,1,4896.0,474.9,4650607.0,3312.14,0.712,Lomé,Tropical_Aw
LME_0384,Hôpitaux & Cliniques,2014,10,10982,9.3041,3,1.3863,1,0,0.914,0,0,0.0,1,0,1,1,3660.7,410.6,4509191.0,2613.22,0.58,Lomé,Tropical_Aw
LME_0385,Hôpitaux & Cliniques,2021,3,13182,9.4867,2,1.0986,1,0,0.91,0,0,0.0,1,0,1,1,6591.0,390.0,5140820.0,3753.89,0.73,Lomé,Tropical_Aw
LME_0386,Hôpitaux & Cliniques,1990,34,13640,9.5208,4,1.6094,34,0,0.962,0,0,0.0,1,0,1,1,3410.0,258.1,3520346.0,2439.99,0.693,Lomé,Tropical_Aw
LME_0387,Hôpitaux & Cliniques,2012,12,20950,9.9499,3,1.3863,3,0,0.904,0,0,0.0,0,0,1,1,6983.3,317.4,6650278.0,3867.96,0.582,Lomé,Tropical_Aw
LME_0388,Hôpitaux & Cliniques,1986,38,9456,9.1545,3,1.3863,18,0,0.919,0,0,0.0,1,0,1,1,3152.0,286.9,2712974.0,1629.37,0.601,Lomé,Tropical_Aw
LME_0389,Hôpitaux & Cliniques,1983,41,36578,10.5072,1,0.6931,1,0,0.978,0,0,0.0,0,1,1,1,36578.0,390.9,14296574.0,8502.88,0.595,Lomé,Tropical_Aw
LME_0390,Hôpitaux & Cliniques,2004,20,21082,9.9562,3,1.3863,1,0,0.993,0,0,0.0,0,1,1,1,7027.3,388.7,8194533.0,5324.6,0.65,Lomé,Tropical_Aw
LME_0391,Hôpitaux & Cliniques,2002,22,5430,8.5999,2,1.0986,1,0,0.932,0,0,0.0,0,0,1,1,2715.0,450.1,2443885.0,1454.95,0.595,Lomé,Tropical_Aw
LME_0392,Hôpitaux & Cliniques,2016,8,6928,8.8435,2,1.0986,1,0,0.907,0,0,0.0,1,1,1,1,3464.0,480.7,3330541.0,1989.2,0.597,Lomé,Tropical_Aw
LME_0393,Hôpitaux & Cliniques,1995,29,23734,10.0747,3,1.3863,1,0,0.93,0,0,0.0,1,0,1,1,7911.3,500.7,11882610.0,7961.36,0.67,Lomé,Tropical_Aw
LME_0394,Hôpitaux & Cliniques,2021,3,14173,9.5592,3,1.3863,45,0,0.966,0,0,0.0,1,0,1,1,4724.3,150.5,2132592.0,1160.25,0.544,Lomé,Tropical_Aw
LME_0395,Hôpitaux & Cliniques,2019,5,9809,9.1912,3,1.3863,24,0,0.946,0,0,0.0,1,0,1,1,3269.7,281.6,2761956.0,1707.65,0.618,Lomé,Tropical_Aw
LME_0396,Hôpitaux & Cliniques,2007,17,28495,10.2575,1,0.6931,1,0,0.983,0,0,0.0,0,1,1,1,28495.0,361.4,10299264.0,6893.49,0.669,Lomé,Tropical_Aw
LME_0397,Hôpitaux & Cliniques,2022,2,9991,9.2095,2,1.0986,28,0,0.987,0,0,0.0,1,1,1,1,4995.5,240.3,2400386.0,1480.9,0.617,Lomé,Tropical_Aw
LME_0398,Hôpitaux & Cliniques,2011,13,24086,10.0894,2,1.0986,28,0,0.931,1,0,0.0,0,0,1,1,12043.0,269.7,6496467.0,3891.07,0.64,Lomé,Tropical_Aw
LME_0399,Hôpitaux & Cliniques,2020,4,22832,10.036,2,1.0986,1,0,0.991,0,0,0.0,1,1,1,1,11416.0,403.3,9208977.0,4988.66,0.542,Lomé,Tropical_Aw
LME_0400,Hôpitaux & Cliniques,1991,33,6945,8.8459,3,1.3863,3,0,0.899,0,0,0.0,1,0,1,1,2315.0,333.7,2317631.0,1369.63,0.591,Lomé,Tropical_Aw
LME_0401,Banques & Institutions,2010,14,3308,8.1044,4,1.6094,52,0,0.882,0,0,0.0,0,0,1,1,827.0,200.6,663533.0,429.91,0.648,Lomé,Tropical_Aw
LME_0402,Banques & Institutions,2011,13,1233,7.118,3,1.3863,32,0,0.907,0,0,0.0,1,0,1,1,411.0,238.8,294484.0,201.52,0.684,Lomé,Tropical_Aw
LME_0403,Banques & Institutions,2017,7,2184,7.6894,2,1.0986,36,0,0.949,0,0,0.0,1,1,1,1,1092.0,240.8,525973.0,324.05,0.616,Lomé,Tropical_Aw
LME_0404,Banques & Institutions,2006,18,1442,7.2745,3,1.3863,24,0,0.996,0,0,0.0,0,0,1,1,480.7,281.0,405232.0,272.66,0.673,Lomé,Tropical_Aw
LME_0405,Banques & Institutions,2007,17,2311,7.7459,3,1.3863,43,0,0.909,0,0,0.0,0,0,1,1,770.3,237.3,548322.0,332.1,0.606,Lomé,Tropical_Aw
LME_0406,Banques & Institutions,2014,10,3056,8.0252,4,1.6094,64,0,0.913,0,0,0.0,1,0,1,1,764.0,126.9,387814.0,209.93,0.541,Lomé,Tropical_Aw
LME_0407,Banques & Institutions,2002,22,1990,7.5964,3,1.3863,57,0,0.933,0,0,0.0,0,1,0,1,663.3,204.5,407019.0,259.76,0.638,Lomé,Tropical_Aw
LME_0408,Banques & Institutions,2011,13,6528,8.784,3,1.3863,58,0,0.969,0,0,0.0,1,1,1,1,2176.0,204.4,1334546.0,818.14,0.613,Lomé,Tropical_Aw
LME_0409,Banques & Institutions,2012,12,2591,7.8602,2,1.0986,55,0,0.915,0,0,0.0,1,0,1,1,1295.5,160.6,416181.0,260.66,0.626,Lomé,Tropical_Aw
LME_0410,Banques & Institutions,1990,34,5552,8.6221,3,1.3863,35,0,0.918,0,0,0.0,1,0,1,1,1850.7,247.1,1371634.0,857.39,0.625,Lomé,Tropical_Aw
LME_0411,Banques & Institutions,2014,10,2870,7.9624,3,1.3863,47,0,0.92,0,0,0.0,1,0,1,1,956.7,194.3,557704.0,342.79,0.615,Lomé,Tropical_Aw
LME_0412,Banques & Institutions,2011,13,6249,8.7403,4,1.6094,49,0,0.99,0,0,0.0,1,0,1,1,1562.2,158.0,987495.0,602.35,0.61,Lomé,Tropical_Aw
LME_0413,Banques & Institutions,2012,12,4032,8.3023,4,1.6094,42,0,0.908,0,0,0.0,1,0,1,1,1008.0,174.5,703410.0,437.07,0.621,Lomé,Tropical_Aw
LME_0414,Banques & Institutions,1992,32,3746,8.2287,4,1.6094,38,0,0.973,0,0,0.0,0,0,1,1,936.5,244.2,914718.0,614.47,0.672,Lomé,Tropical_Aw
LME_0415,Banques & Institutions,1985,39,10209,9.2311,1,0.6931,58,0,0.932,0,0,0.0,1,1,1,1,10209.0,197.6,2017692.0,1273.49,0.631,Lomé,Tropical_Aw
LME_0416,Banques & Institutions,1992,32,5364,8.5877,1,0.6931,13,0,0.958,0,0,0.0,1,0,1,1,5364.0,294.5,1579953.0,947.48,0.6,Lomé,Tropical_Aw
LME_0417,Banques & Institutions,2015,9,7138,8.8733,4,1.6094,41,0,0.913,0,0,0.0,0,1,1,0,1784.5,205.0,1463371.0,868.31,0.593,Lomé,Tropical_Aw
LME_0418,Banques & Institutions,2018,6,2041,7.6217,4,1.6094,53,0,0.997,0,0,0.0,1,0,1,1,510.2,222.5,454148.0,311.78,0.687,Lomé,Tropical_Aw
LME_0419,Banques & Institutions,2004,20,2630,7.8751,3,1.3863,43,0,0.935,0,0,0.0,1,0,1,1,876.7,224.4,590185.0,391.77,0.664,Lomé,Tropical_Aw
LME_0420,Banques & Institutions,2004,20,5246,8.5654,3,1.3863,71,0,0.962,0,0,0.0,0,1,1,1,1748.7,125.4,657936.0,382.87,0.582,Lomé,Tropical_Aw
LME_0421,Banques & Institutions,2020,4,6639,8.8009,4,1.6094,82,0,0.889,0,0,0.0,0,1,1,1,1659.8,130.1,863655.0,439.15,0.508,Lomé,Tropical_Aw
LME_0422,Banques & Institutions,1992,32,3091,8.0366,2,1.0986,50,0,0.989,0,0,0.0,1,0,1,1,1545.5,225.5,696941.0,424.7,0.609,Lomé,Tropical_Aw
LME_0423,Banques & Institutions,2011,13,4106,8.3204,3,1.3863,66,0,0.902,0,0,0.0,1,0,1,1,1368.7,180.8,742568.0,441.92,0.595,Lomé,Tropical_Aw
LME_0424,Banques & Institutions,1984,40,4329,8.3733,2,1.0986,38,0,0.968,0,0,0.0,1,1,1,1,2164.5,251.1,1086875.0,616.4,0.567,Lomé,Tropical_Aw
LME_0425,Banques & Institutions,2019,5,4581,8.4299,3,1.3863,62,0,0.902,0,0,0.0,0,0,1,1,1527.0,193.6,886756.0,566.96,0.639,Lomé,Tropical_Aw
LME_0426,Banques & Institutions,2012,12,5046,8.5265,3,1.3863,35,0,0.918,0,0,0.0,1,1,1,1,1682.0,223.1,1125675.0,727.21,0.646,Lomé,Tropical_Aw
LME_0427,Banques & Institutions,1999,25,6114,8.7185,3,1.3863,36,0,0.94,0,0,0.0,0,0,1,1,2038.0,225.5,1378467.0,814.82,0.591,Lomé,Tropical_Aw
LME_0428,Banques & Institutions,2006,18,2765,7.9252,3,1.3863,20,0,0.929,0,0,0.0,1,0,1,1,921.7,241.3,667070.0,442.55,0.663,Lomé,Tropical_Aw
LME_0429,Banques & Institutions,1992,32,4906,8.4984,3,1.3863,26,0,0.9,0,0,0.0,1,0,1,0,1635.3,243.2,1193241.0,755.66,0.633,Lomé,Tropical_Aw
LME_0430,Banques & Institutions,2017,7,6868,8.8348,3,1.3863,52,0,0.897,0,0,0.0,0,0,1,1,2289.3,161.3,1108011.0,761.57,0.687,Lomé,Tropical_Aw
LME_0431,Banques & Institutions,2001,23,6770,8.8204,4,1.6094,51,0,0.987,0,0,0.0,0,0,1,0,1692.5,206.1,1395073.0,826.51,0.592,Lomé,Tropical_Aw
LME_0432,Banques & Institutions,1992,32,2149,7.6732,4,1.6094,36,0,0.974,0,0,0.0,1,0,1,1,537.2,192.8,414301.0,221.19,0.534,Lomé,Tropical_Aw
LME_0433,Banques & Institutions,2015,9,3941,8.2794,3,1.3863,60,0,0.912,0,0,0.0,1,0,1,1,1313.7,190.6,751111.0,463.53,0.617,Lomé,Tropical_Aw
LME_0434,Banques & Institutions,2018,6,2039,7.6207,2,1.0986,52,0,0.908,0,0,0.0,0,0,1,1,1019.5,203.0,413995.0,251.62,0.608,Lomé,Tropical_Aw
LME_0435,Banques & Institutions,2013,11,2411,7.7882,3,1.3863,29,0,0.896,0,0,0.0,1,0,1,1,803.7,245.8,592642.0,367.86,0.621,Lomé,Tropical_Aw
LME_0436,Banques & Institutions,2003,21,3042,8.0206,3,1.3863,49,0,0.998,0,0,0.0,1,1,1,1,1014.0,198.0,602357.0,363.26,0.603,Lomé,Tropical_Aw
LME_0437,Banques & Institutions,2008,16,5626,8.6353,3,1.3863,46,0,0.965,0,0,0.0,1,0,1,1,1875.3,194.4,1093570.0,743.25,0.68,Lomé,Tropical_Aw
LME_0438,Banques & Institutions,2018,6,4095,8.3178,3,1.3863,39,0,0.932,0,0,0.0,0,0,1,1,1365.0,196.3,803784.0,567.87,0.706,Lomé,Tropical_Aw
LME_0439,Banques & Institutions,2015,9,2345,7.7605,3,1.3863,62,0,0.9,0,0,0.0,1,1,1,1,781.7,196.3,460331.0,238.91,0.519,Lomé,Tropical_Aw
LME_0440,Banques & Institutions,2007,17,2677,7.8928,3,1.3863,49,0,0.942,1,0,0.0,0,0,1,1,892.3,191.1,511451.0,340.94,0.703,Lomé,Tropical_Aw
LME_0441,Banques & Institutions,2012,12,2439,7.7998,3,1.3863,42,0,0.911,0,0,0.0,0,0,1,1,813.0,186.4,454664.0,309.19,0.68,Lomé,Tropical_Aw
LME_0442,Banques & Institutions,2008,16,3513,8.1645,3,1.3863,60,0,0.948,0,0,0.0,0,1,1,1,1171.0,207.3,728130.0,474.64,0.652,Lomé,Tropical_Aw
LME_0443,Banques & Institutions,2021,3,1380,7.2306,3,1.3863,43,0,0.944,0,0,0.0,0,0,1,1,460.0,200.1,276107.0,169.34,0.613,Lomé,Tropical_Aw
LME_0444,Banques & Institutions,1996,28,3138,8.0517,3,1.3863,37,0,0.929,0,0,0.0,0,0,1,1,1046.0,238.6,748818.0,432.21,0.577,Lomé,Tropical_Aw
LME_0445,Banques & Institutions,1992,32,5385,8.5916,2,1.0986,50,0,0.966,0,0,0.0,0,0,1,1,2692.5,169.2,911285.0,598.33,0.657,Lomé,Tropical_Aw
LME_0446,Banques & Institutions,1999,25,2268,7.7271,4,1.6094,34,0,0.909,0,0,0.0,1,1,1,1,567.0,251.5,570483.0,351.34,0.616,Lomé,Tropical_Aw
LME_0447,Banques & Institutions,1995,29,6443,8.7709,4,1.6094,50,0,0.954,0,0,0.0,0,0,1,1,1610.8,230.2,1483395.0,881.98,0.595,Lomé,Tropical_Aw
LME_0448,Banques & Institutions,2016,8,2501,7.8248,3,1.3863,50,0,0.938,0,0,0.0,0,0,1,1,833.7,212.9,532383.0,313.88,0.59,Lomé,Tropical_Aw
LME_0449,Banques & Institutions,1987,37,3822,8.2488,3,1.3863,41,0,0.949,0,0,0.0,0,0,1,0,1274.0,226.9,867254.0,486.63,0.561,Lomé,Tropical_Aw
LME_0450,Banques & Institutions,2008,16,3089,8.0359,2,1.0986,24,0,0.889,0,0,0.0,0,1,1,1,1544.5,275.3,850408.0,476.7,0.561,Lomé,Tropical_Aw
LME_0451,Banques & Institutions,1995,29,4335,8.3747,4,1.6094,20,0,0.889,0,0,0.0,0,1,1,1,1083.8,214.8,931278.0,603.3,0.648,Lomé,Tropical_Aw
LME_0452,Banques & Institutions,1991,33,3933,8.2774,5,1.7918,14,0,0.93,0,0,0.0,0,1,1,1,786.6,295.4,1161644.0,706.52,0.608,Lomé,Tropical_Aw
LME_0453,Banques & Institutions,2012,12,2641,7.8793,4,1.6094,39,0,0.908,0,0,0.0,1,0,1,1,660.2,237.8,628101.0,370.89,0.591,Lomé,Tropical_Aw
LME_0454,Banques & Institutions,2016,8,6727,8.814,4,1.6094,61,0,0.893,0,0,0.0,0,0,1,0,1681.8,164.6,1107236.0,722.23,0.652,Lomé,Tropical_Aw
LME_0455,Banques & Institutions,2007,17,3588,8.1856,4,1.6094,23,0,0.98,0,0,0.0,0,0,1,1,897.0,244.7,878080.0,542.93,0.618,Lomé,Tropical_Aw
LME_0456,Banques & Institutions,2000,24,4680,8.4513,3,1.3863,35,0,0.994,0,0,0.0,0,0,1,1,1560.0,197.7,925142.0,596.08,0.644,Lomé,Tropical_Aw
LME_0457,Banques & Institutions,2004,20,4935,8.5043,3,1.3863,58,0,0.935,0,0,0.0,0,0,1,1,1645.0,174.1,859332.0,497.94,0.579,Lomé,Tropical_Aw
LME_0458,Banques & Institutions,2016,8,2975,7.9983,2,1.0986,41,0,0.886,0,0,0.0,1,0,1,1,1487.5,203.1,604325.0,414.58,0.686,Lomé,Tropical_Aw
LME_0459,Banques & Institutions,2008,16,3311,8.1053,3,1.3863,38,0,0.945,0,0,0.0,1,1,1,1,1103.7,224.9,744732.0,454.33,0.61,Lomé,Tropical_Aw
LME_0460,Banques & Institutions,2002,22,3972,8.2873,3,1.3863,30,0,0.898,0,0,0.0,1,1,1,1,1324.0,261.0,1036565.0,600.88,0.58,Lomé,Tropical_Aw
LME_0461,Entrepôts & Logistique,2012,12,14023,9.5485,1,0.6931,98,0,0.923,0,0,0.0,0,0,0,0,14023.0,56.0,785563.0,542.18,0.69,Lomé,Tropical_Aw
LME_0462,Entrepôts & Logistique,2009,15,2913,7.9773,1,0.6931,100,0,0.886,0,0,0.0,1,0,1,1,2913.0,72.3,210713.0,139.82,0.664,Lomé,Tropical_Aw
LME_0463,Entrepôts & Logistique,2000,24,5537,8.6194,1,0.6931,100,0,0.939,0,0,0.0,0,0,0,1,5537.0,34.2,189191.0,110.58,0.584,Lomé,Tropical_Aw
LME_0464,Entrepôts & Logistique,1996,28,9142,9.1207,3,1.3863,95,0,0.904,0,0,0.0,1,1,0,1,3047.3,88.1,805681.0,472.07,0.586,Lomé,Tropical_Aw
LME_0465,Entrepôts & Logistique,2017,7,17944,9.7951,2,1.0986,97,0,0.899,0,0,0.0,1,0,0,1,8972.0,60.9,1092664.0,698.81,0.64,Lomé,Tropical_Aw
LME_0466,Entrepôts & Logistique,2022,2,5778,8.662,1,0.6931,96,0,0.911,0,0,0.0,1,0,0,1,5778.0,60.9,351627.0,199.3,0.567,Lomé,Tropical_Aw
LME_0467,Entrepôts & Logistique,1995,29,13859,9.5368,1,0.6931,98,0,0.898,0,0,0.0,0,1,0,1,13859.0,34.7,481468.0,263.59,0.547,Lomé,Tropical_Aw
LME_0468,Entrepôts & Logistique,2021,3,6505,8.7805,2,1.0986,100,0,0.946,0,0,0.0,0,0,0,0,3252.5,21.4,139288.0,95.77,0.688,Lomé,Tropical_Aw
LME_0469,Entrepôts & Logistique,2016,8,30668,10.331,1,0.6931,100,0,0.976,0,0,0.0,1,0,1,0,30668.0,35.9,1102069.0,703.37,0.638,Lomé,Tropical_Aw
LME_0470,Entrepôts & Logistique,2013,11,3619,8.1942,2,1.0986,100,0,0.98,0,0,0.0,0,1,1,0,1809.5,76.3,276259.0,171.32,0.62,Lomé,Tropical_Aw
LME_0471,Entrepôts & Logistique,2003,21,17785,9.7862,1,0.6931,84,0,0.958,0,0,0.0,0,0,0,0,17785.0,107.2,1907155.0,1296.8,0.68,Lomé,Tropical_Aw
LME_0472,Entrepôts & Logistique,2010,14,5624,8.635,1,0.6931,84,0,0.984,0,0,0.0,0,0,0,0,5624.0,73.0,410716.0,248.1,0.604,Lomé,Tropical_Aw
LME_0473,Entrepôts & Logistique,2015,9,4795,8.4755,1,0.6931,74,0,0.933,0,0,0.0,1,0,0,1,4795.0,78.3,375237.0,219.72,0.586,Lomé,Tropical_Aw
LME_0474,Entrepôts & Logistique,2009,15,3783,8.2385,1,0.6931,100,0,0.96,0,0,0.0,0,1,0,0,3783.0,82.8,313298.0,203.09,0.648,Lomé,Tropical_Aw
LME_0475,Entrepôts & Logistique,2009,15,9452,9.1541,3,1.3863,100,0,0.903,0,0,0.0,0,1,0,0,3150.7,46.6,440699.0,268.28,0.609,Lomé,Tropical_Aw
LME_0476,Entrepôts & Logistique,1997,27,33723,10.426,1,0.6931,95,0,0.935,0,0,0.0,1,1,0,0,33723.0,74.7,2517619.0,1692.91,0.672,Lomé,Tropical_Aw
LME_0477,Entrepôts & Logistique,1981,43,29104,10.2787,1,0.6931,100,0,0.948,0,0,0.0,0,1,0,0,29104.0,55.7,1622136.0,1007.5,0.621,Lomé,Tropical_Aw
LME_0478,Entrepôts & Logistique,2007,17,7707,8.95,1,0.6931,97,0,0.935,0,0,0.0,0,0,0,1,7707.0,56.4,434301.0,297.24,0.684,Lomé,Tropical_Aw
LME_0479,Entrepôts & Logistique,2023,1,14542,9.5849,1,0.6931,100,0,0.944,1,0,0.0,1,0,0,0,14542.0,60.1,874327.0,535.8,0.665,Lomé,Tropical_Aw
LME_0480,Entrepôts & Logistique,2016,8,11009,9.3066,1,0.6931,87,0,0.963,0,0,0.0,0,0,0,0,11009.0,42.2,464717.0,272.69,0.587,Lomé,Tropical_Aw
LME_0481,Entrepôts & Logistique,2020,4,6786,8.8228,1,0.6931,100,0,0.941,0,0,0.0,1,0,1,1,6786.0,33.7,228733.0,128.99,0.564,Lomé,Tropical_Aw
LME_0482,Entrepôts & Logistique,2016,8,18723,9.8376,1,0.6931,85,0,0.941,0,0,0.0,1,0,0,1,18723.0,53.9,1010029.0,604.14,0.598,Lomé,Tropical_Aw
LME_0483,Entrepôts & Logistique,2011,13,4368,8.3823,1,0.6931,87,0,0.986,0,0,0.0,1,0,0,0,4368.0,63.4,276830.0,173.03,0.625,Lomé,Tropical_Aw
LME_0484,Entrepôts & Logistique,2023,1,9033,9.1088,1,0.6931,81,0,0.938,0,0,0.0,1,0,0,0,9033.0,99.0,894619.0,582.71,0.651,Lomé,Tropical_Aw
LME_0485,Entrepôts & Logistique,2003,21,5432,8.6002,1,0.6931,83,0,0.994,0,0,0.0,0,0,0,1,5432.0,80.1,435193.0,245.41,0.564,Lomé,Tropical_Aw
LME_0486,Entrepôts & Logistique,2013,11,8556,9.0545,2,1.0986,85,0,0.996,0,0,0.0,1,0,0,0,4278.0,68.6,587224.0,366.29,0.624,Lomé,Tropical_Aw
LME_0487,Entrepôts & Logistique,1981,43,50000,10.8198,1,0.6931,81,0,0.994,0,0,0.0,1,1,0,0,50000.0,67.5,3374520.0,1855.27,0.55,Lomé,Tropical_Aw
LME_0488,Entrepôts & Logistique,1999,25,15575,9.6535,1,0.6931,100,0,0.974,0,0,0.0,0,0,1,0,15575.0,61.5,958450.0,622.44,0.649,Lomé,Tropical_Aw
LME_0489,Entrepôts & Logistique,2017,7,6187,8.7304,1,0.6931,89,0,0.941,0,0,0.0,0,1,0,0,6187.0,65.1,403012.0,259.01,0.643,Lomé,Tropical_Aw
LME_0490,Entrepôts & Logistique,2010,14,4782,8.4728,2,1.0986,90,0,0.988,0,0,0.0,0,0,1,1,2391.0,51.6,246711.0,162.81,0.66,Lomé,Tropical_Aw
LME_0491,Entrepôts & Logistique,2017,7,3048,8.0226,1,0.6931,100,0,0.947,0,0,0.0,0,1,1,0,3048.0,40.9,124693.0,77.24,0.619,Lomé,Tropical_Aw
LME_0492,Entrepôts & Logistique,2004,20,1541,7.3408,1,0.6931,85,0,0.886,0,0,0.0,0,1,0,1,1541.0,81.5,125529.0,71.6,0.57,Lomé,Tropical_Aw
LME_0493,Entrepôts & Logistique,2010,14,24219,10.0949,1,0.6931,100,0,0.947,1,0,0.0,1,0,1,0,24219.0,33.8,818563.0,416.28,0.527,Lomé,Tropical_Aw
LME_0494,Entrepôts & Logistique,2022,2,9712,9.1812,1,0.6931,96,0,0.969,0,0,0.0,1,0,0,0,9712.0,59.4,577365.0,339.62,0.588,Lomé,Tropical_Aw
LME_0495,Entrepôts & Logistique,2004,20,1849,7.5229,1,0.6931,100,0,0.913,0,0,0.0,0,0,0,0,1849.0,70.4,130227.0,84.78,0.651,Lomé,Tropical_Aw
LME_0496,Entrepôts & Logistique,1993,31,50000,10.8198,1,0.6931,89,0,0.895,0,0,0.0,1,1,0,1,50000.0,94.8,4739257.0,3023.74,0.638,Lomé,Tropical_Aw
LME_0497,Entrepôts & Logistique,1998,26,10226,9.2328,1,0.6931,100,0,0.967,0,0,0.0,1,0,0,0,10226.0,63.9,653940.0,329.28,0.504,Lomé,Tropical_Aw
LME_0498,Entrepôts & Logistique,2014,10,9278,9.1355,1,0.6931,94,0,0.929,0,0,0.0,0,0,0,0,9278.0,94.3,874720.0,481.19,0.55,Lomé,Tropical_Aw
LME_0499,Entrepôts & Logistique,2016,8,7468,8.9185,1,0.6931,100,0,0.987,0,0,0.0,0,1,0,0,7468.0,57.4,428541.0,296.9,0.693,Lomé,Tropical_Aw
LME_0500,Entrepôts & Logistique,1997,27,13751,9.5289,1,0.6931,83,0,0.909,0,0,0.0,0,0,0,1,13751.0,80.9,1112376.0,666.73,0.599,Lomé,Tropical_Aw
